familia,parametro,n,R,shapiro_wilk,anderson_darling,lilliefors,jarque_bera,dagostino_pearson,cramer_von_mises,shapiro_francia,pearson_chi2,curtosis,epps_pulley,sstn,shapiro_wilk_na,anderson_darling_na,lilliefors_na,jarque_bera_na,dagostino_pearson_na,cramer_von_mises_na,shapiro_francia_na,pearson_chi2_na,curtosis_na,epps_pulley_na,sstn_na,segundos
convolucion_uniforme_normal,0,10,10000,0.0829,0.0799,0.0613,0.0014,NA,0.0733,0.0489,0.0875,0.0713,0.2484,0.0384,0,0,0,0,10000,0,0,0,0,0,0,75.79173469543457
convolucion_uniforme_normal,0,25,10000,0.2871,0.2277,0.1137,2e-4,0.2648,0.1838,0.1218,0.1246,0.4337,0.6435,0.1859,0,0,0,0,0,0,0,0,0,0,0,76.78164339065552
convolucion_uniforme_normal,0,50,10000,0.7466,0.5721,0.2558,2e-4,0.8025,0.4336,0.4747,0.1894,0.8897,0.8915,0.5993,0,0,0,0,0,0,0,0,0,0,0,72.74217247962952
convolucion_uniforme_normal,0,100,10000,0.9959,0.9441,0.5931,0.5675,0.997,0.8398,0.9656,0.4605,0.9989,0.9937,0.9529,0,0,0,0,0,0,0,0,0,0,0,70.31721901893616
convolucion_uniforme_normal,0,250,10000,1,1,0.9872,1,1,0.9997,1,0.9764,1,1,1,0,0,0,0,0,0,0,0,0,0,0,75.34525918960571
convolucion_uniforme_normal,0,500,10000,1,1,1,1,1,1,1,1,1,1,1,0,0,0,0,0,0,0,0,0,0,0,89.71287274360657
convolucion_uniforme_normal,0.2,10,10000,0.0772,0.0759,0.0625,0.0022,NA,0.0697,0.0496,0.0848,0.0656,0.2364,0.0421,0,0,0,0,10000,0,0,0,0,0,0,71.75110006332397
convolucion_uniforme_normal,0.2,25,10000,0.2393,0.2041,0.1074,2e-4,0.2363,0.167,0.1006,0.114,0.4054,0.6067,0.167,0,0,0,0,0,0,0,0,0,0,0,73.08986282348633
convolucion_uniforme_normal,0.2,50,10000,0.6555,0.5178,0.2429,2e-4,0.759,0.4053,0.3846,0.1952,0.8608,0.875,0.5538,0,0,0,0,0,0,0,0,0,0,0,69.92779898643494
convolucion_uniforme_normal,0.2,100,10000,0.9852,0.9196,0.5578,0.4659,0.9951,0.8065,0.9227,0.4541,0.9982,0.9916,0.9364,0,0,0,0,0,0,0,0,0,0,0,67.8623571395874
convolucion_uniforme_normal,0.2,250,10000,1,1,0.9788,1,1,0.9995,1,0.9747,1,1,1,0,0,0,0,0,0,0,0,0,0,0,75.87155747413635
convolucion_uniforme_normal,0.2,500,10000,1,1,1,1,1,1,1,1,1,1,1,0,0,0,0,0,0,0,0,0,0,0,92.5677318572998
convolucion_uniforme_normal,0.4,10,10000,0.0676,0.0691,0.0573,0.0031,NA,0.0649,0.0451,0.0806,0.0577,0.2146,0.0383,0,0,0,0,10000,0,0,0,0,0,0,72.69458341598511
convolucion_uniforme_normal,0.4,25,10000,0.1713,0.1597,0.0989,5e-4,0.1743,0.1401,0.0685,0.1161,0.3217,0.5357,0.125,0,0,0,0,0,0,0,0,0,0,0,74.51897597312927
convolucion_uniforme_normal,0.4,50,10000,0.4627,0.3978,0.1998,1e-4,0.6128,0.3282,0.243,0.1713,0.751,0.7857,0.4206,0,0,0,0,0,0,0,0,0,0,0,70.40966272354126
convolucion_uniforme_normal,0.4,100,10000,0.8962,0.8103,0.4591,0.2364,0.967,0.6912,0.7376,0.3748,0.9862,0.9681,0.8477,0,0,0,0,0,0,0,0,0,0,0,69.62545156478882
convolucion_uniforme_normal,0.4,250,10000,1,0.9992,0.9404,0.9996,1,0.9935,0.9996,0.9133,1,0.9999,0.9998,0,0,0,0,0,0,0,0,0,0,0,76.52084112167358
convolucion_uniforme_normal,0.4,500,10000,1,1,1,1,1,1,1,0.9999,1,1,1,0,0,0,0,0,0,0,0,0,0,0,91.52184677124023
convolucion_uniforme_normal,0.6,10,10000,0.0544,0.0568,0.0536,0.0026,NA,0.054,0.0389,0.0703,0.045,0.1823,0.033,0,0,0,0,10000,0,0,0,0,0,0,73.69929027557373
convolucion_uniforme_normal,0.6,25,10000,0.1174,0.1162,0.0797,6e-4,0.1122,0.1068,0.0482,0.0967,0.2245,0.4346,0.0853,0,0,0,0,0,0,0,0,0,0,0,75.725266456604
convolucion_uniforme_normal,0.6,50,10000,0.2809,0.2666,0.151,1e-4,0.4158,0.2272,0.1273,0.1258,0.5701,0.6374,0.2717,0,0,0,0,0,0,0,0,0,0,0,73.59750628471375
convolucion_uniforme_normal,0.6,100,10000,0.6753,0.6107,0.3395,0.0733,0.844,0.5256,0.4604,0.2648,0.9166,0.8854,0.6469,0,0,0,0,0,0,0,0,0,0,0,70.18539905548096
convolucion_uniforme_normal,0.6,250,10000,0.9945,0.9844,0.8224,0.9769,0.9992,0.958,0.9799,0.7158,0.9998,0.9983,0.9923,0,0,0,0,0,0,0,0,0,0,0,79.3027331829071
convolucion_uniforme_normal,0.6,500,10000,1,1,0.9947,1,1,0.9997,1,0.9805,1,1,1,0,0,0,0,0,0,0,0,0,0,0,95.08305716514587
convolucion_uniforme_normal,0.8,10,10000,0.0491,0.0485,0.0493,0.0028,NA,0.0486,0.0378,0.0687,0.0394,0.165,0.0314,0,0,0,0,10000,0,0,0,0,0,0,74.13191795349121
convolucion_uniforme_normal,0.8,25,10000,0.0775,0.0829,0.0639,0.0011,0.0686,0.0814,0.0326,0.0755,0.1457,0.3297,0.0581,0,0,0,0,0,0,0,0,0,0,0,78.19368743896484
convolucion_uniforme_normal,0.8,50,10000,0.1669,0.1757,0.1144,3e-4,0.2461,0.1622,0.0726,0.1028,0.3904,0.4766,0.1628,0,0,0,0,0,0,0,0,0,0,0,74.89120578765869
convolucion_uniforme_normal,0.8,100,10000,0.3999,0.3834,0.2229,0.0173,0.5903,0.3358,0.2217,0.1676,0.7244,0.6972,0.398,0,0,0,0,0,0,0,0,0,0,0,69.67735862731934
convolucion_uniforme_normal,0.8,250,10000,0.9086,0.872,0.6051,0.7675,0.9727,0.8122,0.8071,0.4597,0.9887,0.9681,0.9063,0,0,0,0,0,0,0,0,0,0,0,77.85730719566345
convolucion_uniforme_normal,0.8,500,10000,0.9989,0.9971,0.9343,0.9981,0.9999,0.9926,0.9962,0.8298,1,1,0.999,0,0,0,0,0,0,0,0,0,0,0,93.85078048706055
convolucion_uniforme_normal,1,10,10000,0.0449,0.0444,0.0471,0.0045,NA,0.0458,0.0376,0.069,0.0331,0.147,0.0341,0,0,0,0,10000,0,0,0,0,0,0,73.75206875801086
convolucion_uniforme_normal,1,25,10000,0.0609,0.0656,0.0587,0.0028,0.052,0.0652,0.0298,0.0733,0.1049,0.2548,0.0455,0,0,0,0,0,0,0,0,0,0,0,75.36183977127075
convolucion_uniforme_normal,1,50,10000,0.103,0.1135,0.0807,0.001,0.1479,0.1083,0.0412,0.0813,0.2497,0.3324,0.0979,0,0,0,0,0,0,0,0,0,0,0,71.17895483970642
convolucion_uniforme_normal,1,100,10000,0.2142,0.2298,0.1386,0.0053,0.3445,0.2065,0.1046,0.1135,0.4865,0.4781,0.2149,0,0,0,0,0,0,0,0,0,0,0,68.17506051063538
convolucion_uniforme_normal,1,250,10000,0.634,0.6068,0.3631,0.3779,0.8018,0.5505,0.4626,0.2483,0.886,0.8169,0.647,0,0,0,0,0,0,0,0,0,0,0,75.39316153526306
convolucion_uniforme_normal,1,500,10000,0.9563,0.9388,0.725,0.9331,0.9882,0.8997,0.9088,0.521,0.9961,0.9859,0.9621,0,0,0,0,0,0,0,0,0,0,0,91.0289466381073
