subescala,instrumento,N,n,R,shapiro_wilk,anderson_darling,lilliefors,jarque_bera,dagostino_pearson,cramer_von_mises,shapiro_francia,pearson_chi2,curtosis,epps_pulley,sstn,shapiro_wilk_na,anderson_darling_na,lilliefors_na,jarque_bera_na,dagostino_pearson_na,cramer_von_mises_na,shapiro_francia_na,pearson_chi2_na,curtosis_na,epps_pulley_na,sstn_na,segundos
dass_anxiety.csv,dass,39775,10,10000,0.0812,0.0793,0.0716,0.0082,NA,0.0773,0.0704,0.0917,0.0476,0.1762,0.0618,0,0,0,0,10000,0,0,0,0,0,0,79.85707974433899
dass_anxiety.csv,dass,39775,20,10000,0.1624,0.1463,0.1132,0.0161,0.0699,0.1354,0.1061,0.0938,0.0947,0.3281,0.125,0,0,0,0,0,0,0,0,0,0,0,81.80271577835083
dass_anxiety.csv,dass,39775,30,10000,0.2848,0.2403,0.1742,0.0201,0.109,0.2117,0.1775,0.1384,0.1404,0.4422,0.192,0,0,0,0,0,0,0,0,0,0,0,81.01869368553162
dass_anxiety.csv,dass,39775,140,10000,0.998,0.9678,0.8757,0.7739,0.9365,0.9039,0.9867,0.8182,0.5506,0.9596,0.9392,0,0,0,0,0,0,0,0,0,0,0,75.71821713447571
dass_anxiety.csv,dass,39775,280,10000,1,1,0.9988,0.9998,0.9999,0.9993,1,0.9999,0.846,0.9996,0.9997,0,0,0,0,0,0,0,0,0,0,0,82.62569332122803
dass_anxiety.csv,dass,39775,700,10000,1,1,1,1,1,1,1,1,0.9986,1,1,0,0,0,0,0,0,0,0,0,0,0,108.42435312271118
dass_anxiety.csv,dass,39775,1400,10000,1,1,1,1,1,1,1,1,1,1,1,0,0,0,0,0,0,0,0,0,0,0,154.41591620445251
dass_depression.csv,dass,39775,10,10000,0.071,0.0698,0.0596,0.0014,NA,0.0633,0.0458,0.0819,0.0594,0.2324,0.0333,0,0,0,0,10000,0,0,0,0,0,0,81.51390862464905
dass_depression.csv,dass,39775,20,10000,0.1725,0.1486,0.0856,4e-4,0.1234,0.1239,0.071,0.0779,0.2589,0.5006,0.1085,0,0,0,0,0,0,0,0,0,0,0,83.10945773124695
dass_depression.csv,dass,39775,30,10000,0.3349,0.2485,0.1275,3e-4,0.337,0.1936,0.137,0.0986,0.5072,0.6603,0.207,0,0,0,0,0,0,0,0,0,0,0,82.65568542480469
dass_depression.csv,dass,39775,140,10000,1,0.9919,0.8229,0.9308,0.9999,0.9361,0.999,0.6581,1,0.9989,0.9881,0,0,0,0,0,0,0,0,0,0,0,78.18798923492432
dass_depression.csv,dass,39775,280,10000,1,1,0.9978,1,1,0.9999,1,0.9944,1,1,1,0,0,0,0,0,0,0,0,0,0,0,84.85924434661865
dass_depression.csv,dass,39775,700,10000,1,1,1,1,1,1,1,1,1,1,1,0,0,0,0,0,0,0,0,0,0,0,110.53532075881958
dass_depression.csv,dass,39775,1400,10000,1,1,1,1,1,1,1,1,1,1,1,0,0,0,0,0,0,0,0,0,0,0,160.21573519706726
dass_stress.csv,dass,39775,10,10000,0.0423,0.0453,0.0492,0.0022,NA,0.0457,0.0333,0.068,0.0311,0.1543,0.0266,0,0,0,0,10000,0,0,0,0,0,0,89.3697202205658
dass_stress.csv,dass,39775,20,10000,0.0573,0.06,0.0556,0.0013,0.0376,0.0566,0.0243,0.055,0.0996,0.2682,0.0402,0,0,0,0,0,0,0,0,0,0,0,86.51972842216492
dass_stress.csv,dass,39775,30,10000,0.087,0.0871,0.0716,4e-4,0.0896,0.0779,0.0317,0.0723,0.1948,0.3422,0.0603,0,0,0,0,0,0,0,0,0,0,0,84.42588877677917
dass_stress.csv,dass,39775,140,10000,0.8545,0.5882,0.4228,0.2038,0.8982,0.4395,0.5884,0.3015,0.956,0.8534,0.6017,0,0,0,0,0,0,0,0,0,0,0,80.90762710571289
dass_stress.csv,dass,39775,280,10000,1,0.9664,0.8479,0.9633,0.999,0.8654,0.9951,0.9139,0.9996,0.9863,0.9547,0,0,0,0,0,0,0,0,0,0,0,87.21188139915466
dass_stress.csv,dass,39775,700,10000,1,1,1,1,1,1,1,0.9963,1,1,1,0,0,0,0,0,0,0,0,0,0,0,113.45912528038023
dass_stress.csv,dass,39775,1400,10000,1,1,1,1,1,1,1,1,1,1,1,0,0,0,0,0,0,0,0,0,0,0,158.3898310661316
mach_total.csv,mach,73486,10,10000,0.0463,0.0475,0.0476,0.0032,NA,0.0458,0.0392,0.0684,0.0359,0.1495,0.0345,0,0,0,0,10000,0,0,0,0,0,0,81.88211560249329
mach_total.csv,mach,73486,20,10000,0.0575,0.0581,0.0582,0.0036,0.0355,0.0593,0.0298,0.0526,0.0789,0.2474,0.0434,0,0,0,0,0,0,0,0,0,0,0,84.73030304908752
mach_total.csv,mach,73486,30,10000,0.0752,0.0807,0.0697,0.004,0.0615,0.0806,0.034,0.0674,0.1226,0.2693,0.0562,0,0,0,0,0,0,0,0,0,0,0,81.1899847984314
mach_total.csv,mach,73486,200,10000,0.7771,0.6267,0.5248,0.3604,0.8019,0.5402,0.5775,0.3993,0.8233,0.8085,0.6276,0,0,0,0,0,0,0,0,0,0,0,82.10031390190125
mach_total.csv,mach,73486,400,10000,0.9983,0.9641,0.9095,0.9676,0.9958,0.9163,0.9859,0.7869,0.9865,0.9814,0.9623,0,0,0,0,0,0,0,0,0,0,0,95.18664598464966
mach_total.csv,mach,73486,1000,10000,1,1,1,1,1,1,1,1,1,1,1,0,0,0,0,0,0,0,0,0,0,0,134.12809705734253
mach_total.csv,mach,73486,2000,10000,1,1,1,1,1,1,1,1,1,1,1,0,0,0,0,0,0,0,0,0,0,0,198.47751426696777
riasec_artistic.csv,riasec,142869,10,10000,0.045,0.0461,0.0471,0.0022,NA,0.0457,0.033,0.0696,0.0366,0.1548,0.0265,0,0,0,0,10000,0,0,0,0,0,0,82.28803133964539
riasec_artistic.csv,riasec,142869,20,10000,0.0753,0.075,0.0617,0.0013,0.0439,0.0731,0.0352,0.0655,0.1033,0.2832,0.0504,0,0,0,0,0,0,0,0,0,0,0,84.30095624923706
riasec_artistic.csv,riasec,142869,30,10000,0.1204,0.1085,0.0887,7e-4,0.1056,0.0947,0.0439,0.087,0.2123,0.361,0.0703,0,0,0,0,0,0,0,0,0,0,0,82.67307615280151
riasec_artistic.csv,riasec,142869,80,10000,0.5542,0.3679,0.2774,0.0027,0.5832,0.2747,0.2753,0.2241,0.7318,0.6532,0.3265,0,0,0,0,0,0,0,0,0,0,0,76.63173055648804
riasec_artistic.csv,riasec,142869,160,10000,0.9781,0.8178,0.6425,0.4224,0.9489,0.6381,0.8771,0.6823,0.9785,0.9064,0.7483,0,0,0,0,0,0,0,0,0,0,0,79.13619923591614
riasec_artistic.csv,riasec,142869,400,10000,1,0.9999,0.9957,1,1,0.9972,1,0.9405,1,0.9997,0.9987,0,0,0,0,0,0,0,0,0,0,0,94.35580539703368
riasec_artistic.csv,riasec,142869,800,10000,1,1,1,1,1,1,1,1,1,1,1,0,0,0,0,0,0,0,0,0,0,0,118.8607108592987
riasec_conventional.csv,riasec,143964,10,10000,0.0947,0.0847,0.0715,0.0073,NA,0.0774,0.0781,0.1068,0.0521,0.1785,0.0608,0,0,0,0,10000,0,0,0,0,0,0,95.9570586681366
riasec_conventional.csv,riasec,143964,20,10000,0.1874,0.1464,0.1042,0.0155,0.0707,0.1227,0.1181,0.1041,0.0931,0.3009,0.1071,0,0,0,0,0,0,0,0,0,0,0,99.71468901634216
riasec_conventional.csv,riasec,143964,30,10000,0.3444,0.2424,0.1605,0.0231,0.1139,0.1854,0.2169,0.1484,0.1356,0.3908,0.1635,0,0,0,0,0,0,0,0,0,0,0,98.058744430542
riasec_conventional.csv,riasec,143964,80,10000,0.9408,0.7629,0.5491,0.1399,0.4156,0.5757,0.8433,0.5479,0.2735,0.71,0.5694,0,0,0,0,0,0,0,0,0,0,0,90.98734307289124
riasec_conventional.csv,riasec,143964,160,10000,1,0.9956,0.9486,0.843,0.9444,0.9422,0.9997,0.9725,0.4703,0.9367,0.9385,0,0,0,0,0,0,0,0,0,0,0,93.33106923103333
riasec_conventional.csv,riasec,143964,400,10000,1,1,1,1,1,1,1,1,0.8523,0.9997,1,0,0,0,0,0,0,0,0,0,0,0,108.30302143096924
riasec_conventional.csv,riasec,143964,800,10000,1,1,1,1,1,1,1,1,0.9917,1,1,0,0,0,0,0,0,0,0,0,0,0,135.59670686721802
riasec_enterprising.csv,riasec,143206,10,10000,0.0514,0.0543,0.053,0.0043,NA,0.0532,0.0481,0.0728,0.038,0.1326,0.0381,0,0,0,0,10000,0,0,0,0,0,0,79.93043923377991
riasec_enterprising.csv,riasec,143206,20,10000,0.0547,0.0541,0.0578,0.0065,0.0407,0.0532,0.0345,0.0614,0.0632,0.1847,0.0382,0,0,0,0,0,0,0,0,0,0,0,82.30304765701294
riasec_enterprising.csv,riasec,143206,30,10000,0.0731,0.0669,0.0761,0.0062,0.0509,0.0647,0.0362,0.0737,0.0951,0.198,0.0416,0,0,0,0,0,0,0,0,0,0,0,81.3007743358612
riasec_enterprising.csv,riasec,143206,80,10000,0.3046,0.174,0.189,0.0071,0.1577,0.1264,0.1323,0.233,0.2486,0.281,0.1027,0,0,0,0,0,0,0,0,0,0,0,75.10175395011902
riasec_enterprising.csv,riasec,143206,160,10000,0.8529,0.49370000000000003,0.4685,0.077,0.4145,0.3095,0.623,0.6017,0.4712,0.4393,0.2692,0,0,0,0,0,0,0,0,0,0,0,76.58132982254028
riasec_enterprising.csv,riasec,143206,400,10000,1,0.9986,0.9711,0.8708,0.9601,0.94,1,0.9991,0.88,0.8009,0.8142,0,0,0,0,0,0,0,0,0,0,0,90.03359580039978
riasec_enterprising.csv,riasec,143206,800,10000,1,1,1,1,1,1,1,1,0.9969,0.9793,0.9978,0,0,0,0,0,0,0,0,0,0,0,115.48004031181335
riasec_investigative.csv,riasec,144233,10,10000,0.0501,0.0522,0.0544,0.0027,NA,0.0497,0.039,0.0742,0.0364,0.1604,0.0327,0,0,0,0,10000,0,0,0,0,0,0,80.04921364784241
riasec_investigative.csv,riasec,144233,20,10000,0.072,0.0756,0.0649,0.0017,0.0384,0.0705,0.0351,0.064,0.097,0.2742,0.0491,0,0,0,0,0,0,0,0,0,0,0,81.97091913223267
riasec_investigative.csv,riasec,144233,30,10000,0.1142,0.10780000000000001,0.0921,7e-4,0.0872,0.0935,0.0451,0.0874,0.1866,0.3426,0.0744,0,0,0,0,0,0,0,0,0,0,0,81.4103353023529
riasec_investigative.csv,riasec,144233,80,10000,0.5624,0.377,0.2877,0.0038,0.5528,0.2837,0.2923,0.2203,0.6911,0.6635,0.3422,0,0,0,0,0,0,0,0,0,0,0,76.4555721282959
riasec_investigative.csv,riasec,144233,160,10000,0.9841,0.8133,0.6657,0.4484,0.9512,0.6469,0.8819,0.6961,0.9736,0.9111,0.7523,0,0,0,0,0,0,0,0,0,0,0,78.23034405708313
riasec_investigative.csv,riasec,144233,400,10000,1,1,0.9955,0.9998,1,0.9975,1,0.9499,1,0.9993,0.9986,0,0,0,0,0,0,0,0,0,0,0,91.62206935882568
riasec_investigative.csv,riasec,144233,800,10000,1,1,1,1,1,1,1,1,1,1,1,0,0,0,0,0,0,0,0,0,0,0,117.92016315460204
riasec_realistic.csv,riasec,142472,10,10000,0.1835,0.1625,0.1223,0.0204,NA,0.1447,0.1558,0.1915,0.0789,0.2162,0.1182,0,0,0,0,10000,0,0,0,0,0,0,74.93433260917664
riasec_realistic.csv,riasec,142472,20,10000,0.4413,0.3516,0.2229,0.0687,0.1684,0.2965,0.3416,0.262,0.1242,0.4029,0.292,0,0,0,0,0,0,0,0,0,0,0,76.21717095375061
riasec_realistic.csv,riasec,142472,30,10000,0.6922,0.5466,0.3611,0.1253,0.2453,0.4503,0.5678,0.3936,0.1378,0.5474,0.4298,0,0,0,0,0,0,0,0,0,0,0,75.41362452507019
riasec_realistic.csv,riasec,142472,80,10000,0.9988,0.9841,0.9179,0.6416,0.7772,0.9351,0.9951,0.9501,0.1521,0.8981,0.9246,0,0,0,0,0,0,0,0,0,0,0,69.73662972450256
riasec_realistic.csv,riasec,142472,160,10000,1,1,0.9998,0.9978,0.9995,0.9998,1,0.9998,0.1437,0.9949,0.9996,0,0,0,0,0,0,0,0,0,0,0,72.1449966430664
riasec_realistic.csv,riasec,142472,400,10000,1,1,1,1,1,1,1,1,0.1574,1,1,0,0,0,0,0,0,0,0,0,0,0,85.83911180496216
riasec_realistic.csv,riasec,142472,800,10000,1,1,1,1,1,1,1,1,0.1901,1,1,0,0,0,0,0,0,0,0,0,0,0,106.95155453681946
riasec_social.csv,riasec,144174,10,10000,0.0589,0.0594,0.0594,0.0063,NA,0.0581,0.0567,0.0758,0.0377,0.122,0.0483,0,0,0,0,10000,0,0,0,0,0,0,111.7927267551422
riasec_social.csv,riasec,144174,20,10000,0.0927,0.0931,0.0839,0.0131,0.0423,0.0902,0.0698,0.0762,0.0445,0.1784,0.0765,0,0,0,0,0,0,0,0,0,0,0,117.19282174110413
riasec_social.csv,riasec,144174,30,10000,0.1282,0.1302,0.1287,0.0151,0.0513,0.1208,0.0877,0.1006,0.0636,0.2288,0.0984,0,0,0,0,0,0,0,0,0,0,0,111.0232424736023
riasec_social.csv,riasec,144174,80,10000,0.4701,0.3873,0.3975,0.0402,0.1724,0.324,0.3031,0.3166,0.1717,0.4675,0.3137,0,0,0,0,0,0,0,0,0,0,0,101.4614634513855
riasec_social.csv,riasec,144174,160,10000,0.9211,0.7835,0.7845,0.4114,0.6404,0.6873,0.7949,0.755,0.3384,0.7375,0.7006,0,0,0,0,0,0,0,0,0,0,0,103.96102023124696
riasec_social.csv,riasec,144174,400,10000,1,0.9999,0.9994,0.9983,0.9996,0.9983,1,0.9948,0.7826,0.985,0.9971,0,0,0,0,0,0,0,0,0,0,0,120.31207752227785
riasec_social.csv,riasec,144174,800,10000,1,1,1,1,1,1,1,1,0.9833,1,1,0,0,0,0,0,0,0,0,0,0,0,150.44609928131104
rse_total.csv,rse,46546,10,10000,0.0453,0.0442,0.0439,0.0044,NA,0.0443,0.0381,0.0702,0.0319,0.1275,0.0306,0,0,0,0,10000,0,0,0,0,0,0,80.06434464454651
rse_total.csv,rse,46546,20,10000,0.0466,0.0541,0.0571,0.0017,0.0252,0.0555,0.0268,0.0694,0.0608,0.1931,0.0322,0,0,0,0,0,0,0,0,0,0,0,83.12119722366333
rse_total.csv,rse,46546,30,10000,0.0554,0.0615,0.0695,7e-4,0.0442,0.0581,0.0223,0.0773,0.1047,0.2148,0.0334,0,0,0,0,0,0,0,0,0,0,0,81.49228429794312
rse_total.csv,rse,46546,100,10000,0.3074,0.2145,0.2483,0.0022,0.3147,0.1653,0.1234,0.3563,0.4826,0.3748,0.1439,0,0,0,0,0,0,0,0,0,0,0,75.23507070541382
rse_total.csv,rse,46546,200,10000,0.8638,0.5724,0.5825,0.1657,0.7255,0.4152,0.5898,0.6426,0.8538,0.6078,0.3805,0,0,0,0,0,0,0,0,0,0,0,80.45532274246216
rse_total.csv,rse,46546,500,10000,1,1,0.9911,0.9713,0.9969,0.9919,1,1,0.9993,0.9446,0.9132,0,0,0,0,0,0,0,0,0,0,0,100.7886700630188
rse_total.csv,rse,46546,1000,10000,1,1,1,1,1,1,1,1,1,0.9988,0.9999,0,0,0,0,0,0,0,0,0,0,0,136.67880606651306
