bloque,bloque_nombre,familia,parametro,subescala,instrumento,N,n,R,shapiro_wilk,anderson_darling,lilliefors,jarque_bera,dagostino_pearson,cramer_von_mises,shapiro_francia,pearson_chi2,curtosis,sstn,shapiro_wilk_na,anderson_darling_na,lilliefors_na,jarque_bera_na,dagostino_pearson_na,cramer_von_mises_na,shapiro_francia_na,pearson_chi2_na,curtosis_na,sstn_na,segundos
1,Replica directa (8 familias),chi2,3,NA,NA,NA,10,10000,0.3099,0.2864,0.2134,0.0986,NA,0.265,0.3095,0.2587,0.1718,0.2875,0,0,0,0,10000,0,0,0,0,0,42.85483717918396
1,Replica directa (8 familias),chi2,3,NA,NA,NA,25,10000,0.7785,0.7049,0.5044,0.4684,0.5695,0.647,0.7387,0.5402,0.3257,0.7211,0,0,0,0,0,0,0,0,0,0,45.9746732711792
1,Replica directa (8 familias),chi2,3,NA,NA,NA,50,10000,0.9877,0.9661,0.8279,0.8622,0.8833,0.9322,0.9789,0.8556,0.516,0.9668,0,0,0,0,0,0,0,0,0,0,47.26866507530213
1,Replica directa (8 familias),chi2,3,NA,NA,NA,100,10000,1,0.9999,0.9925,0.9985,0.9989,0.9993,1,0.9953,0.7623,0.9998,0,0,0,0,0,0,0,0,0,0,49.75201916694641
1,Replica directa (8 familias),chi2,3,NA,NA,NA,250,10000,1,1,1,1,1,1,1,1,0.9748,1,0,0,0,0,0,0,0,0,0,0,59.78371548652649
1,Replica directa (8 familias),chi2,3,NA,NA,NA,500,10000,1,1,1,1,1,1,1,1,0.9998,1,0,0,0,0,0,0,0,0,0,0,72.93412590026855
1,Replica directa (8 familias),chi2,6,NA,NA,NA,10,10000,0.1719,0.1609,0.1291,0.0543,NA,0.147,0.1777,0.1392,0.112,0.1685,0,0,0,0,10000,0,0,0,0,0,41.8151216506958
1,Replica directa (8 familias),chi2,6,NA,NA,NA,25,10000,0.4704,0.4006,0.2795,0.2792,0.3683,0.3598,0.4436,0.231,0.1996,0.4459,0,0,0,0,0,0,0,0,0,0,45.1291937828064
1,Replica directa (8 familias),chi2,6,NA,NA,NA,50,10000,0.8211,0.7173,0.5111,0.6042,0.6526,0.6509,0.7845,0.3934,0.3245,0.7755,0,0,0,0,0,0,0,0,0,0,46.56365370750427
1,Replica directa (8 familias),chi2,6,NA,NA,NA,100,10000,0.9918,0.9626,0.829,0.9419,0.9489,0.9307,0.9859,0.7144,0.4988,0.9818,0,0,0,0,0,0,0,0,0,0,48.816465854644775
1,Replica directa (8 familias),chi2,6,NA,NA,NA,250,10000,1,1,0.9976,1,1,0.9999,1,0.9939,0.7969,1,0,0,0,0,0,0,0,0,0,0,56.72223401069641
1,Replica directa (8 familias),chi2,6,NA,NA,NA,500,10000,1,1,1,1,1,1,1,1,0.9657,1,0,0,0,0,0,0,0,0,0,0,71.80761432647705
1,Replica directa (8 familias),chi2,9,NA,NA,NA,10,10000,0.1283,0.1199,0.0981,0.0376,NA,0.1107,0.1373,0.114,0.0881,0.1319,0,0,0,0,10000,0,0,0,0,0,41.621741771698
1,Replica directa (8 familias),chi2,9,NA,NA,NA,25,10000,0.3289,0.2807,0.2034,0.2015,0.2808,0.2558,0.3181,0.1688,0.1611,0.3261,0,0,0,0,0,0,0,0,0,0,45.119004249572754
1,Replica directa (8 familias),chi2,9,NA,NA,NA,50,10000,0.6413,0.5267,0.3649,0.4571,0.512,0.4657,0.6054,0.2396,0.2423,0.6156,0,0,0,0,0,0,0,0,0,0,46.521186113357544
1,Replica directa (8 familias),chi2,9,NA,NA,NA,100,10000,0.9295,0.8488,0.6536,0.8279,0.8405,0.7862,0.9107,0.4398,0.3624,0.9135,0,0,0,0,0,0,0,0,0,0,48.77594804763794
1,Replica directa (8 familias),chi2,9,NA,NA,NA,250,10000,0.9999,0.9988,0.971,0.9996,0.9997,0.996,0.9998,0.8946,0.6197,0.9998,0,0,0,0,0,0,0,0,0,0,56.63145399093628
1,Replica directa (8 familias),chi2,9,NA,NA,NA,500,10000,1,1,0.9998,1,1,1,1,0.9993,0.865,1,0,0,0,0,0,0,0,0,0,0,70.00370335578918
1,Replica directa (8 familias),chi2,12,NA,NA,NA,10,10000,0.1067,0.1019,0.0868,0.0313,NA,0.0962,0.1154,0.1025,0.0752,0.1068,0,0,0,0,10000,0,0,0,0,0,41.76802396774292
1,Replica directa (8 familias),chi2,12,NA,NA,NA,25,10000,0.2624,0.2128,0.153,0.1631,0.2321,0.1894,0.2551,0.1236,0.1326,0.2603,0,0,0,0,0,0,0,0,0,0,45.06790018081665
1,Replica directa (8 familias),chi2,12,NA,NA,NA,50,10000,0.5129,0.4049,0.2715,0.3627,0.414,0.3533,0.484,0.1681,0.2006,0.4945,0,0,0,0,0,0,0,0,0,0,46.44377088546753
1,Replica directa (8 familias),chi2,12,NA,NA,NA,100,10000,0.8366,0.7211,0.5214,0.7041,0.7251,0.6508,0.8072,0.3121,0.2877,0.8193,0,0,0,0,0,0,0,0,0,0,48.84677696228027
1,Replica directa (8 familias),chi2,12,NA,NA,NA,250,10000,0.999,0.9885,0.904,0.9955,0.9959,0.9712,0.998,0.7311,0.4947,0.998,0,0,0,0,0,0,0,0,0,0,56.58550858497619
1,Replica directa (8 familias),chi2,12,NA,NA,NA,500,10000,1,1,0.998,1,1,0.9999,1,0.9799,0.7332,1,0,0,0,0,0,0,0,0,0,0,69.67365837097168
1,Replica directa (8 familias),chi2,15,NA,NA,NA,10,10000,0.0941,0.0912,0.0773,0.0262,NA,0.0847,0.0973,0.0878,0.0689,0.0896,0,0,0,0,10000,0,0,0,0,0,41.84239053726196
1,Replica directa (8 familias),chi2,15,NA,NA,NA,25,10000,0.2189,0.1829,0.1303,0.1351,0.1997,0.1649,0.2141,0.1148,0.1154,0.2172,0,0,0,0,0,0,0,0,0,0,45.1335883140564
1,Replica directa (8 familias),chi2,15,NA,NA,NA,50,10000,0.4256,0.3421,0.2373,0.3044,0.3569,0.2982,0.4067,0.1431,0.1711,0.4171,0,0,0,0,0,0,0,0,0,0,46.42223572731018
1,Replica directa (8 familias),chi2,15,NA,NA,NA,100,10000,0.7411,0.6142,0.4242,0.6053,0.6346,0.544,0.7067,0.2352,0.2481,0.7324,0,0,0,0,0,0,0,0,0,0,48.88823175430298
1,Replica directa (8 familias),chi2,15,NA,NA,NA,250,10000,0.9921,0.96,0.8188,0.9809,0.9814,0.9247,0.9877,0.5844,0.4127,0.9908,0,0,0,0,0,0,0,0,0,0,56.541908502578735
1,Replica directa (8 familias),chi2,15,NA,NA,NA,500,10000,1,1,0.9886,1,1,0.9992,1,0.921,0.6323,1,0,0,0,0,0,0,0,0,0,0,69.5862078666687
1,Replica directa (8 familias),chi2,18,NA,NA,NA,10,10000,0.0838,0.0793,0.0747,0.0218,NA,0.0755,0.0906,0.0843,0.0618,0.0851,0,0,0,0,10000,0,0,0,0,0,41.67438101768494
1,Replica directa (8 familias),chi2,18,NA,NA,NA,25,10000,0.1843,0.1566,0.1197,0.1183,0.1774,0.1446,0.1848,0.1024,0.1046,0.1866,0,0,0,0,0,0,0,0,0,0,45.261366844177246
1,Replica directa (8 familias),chi2,18,NA,NA,NA,50,10000,0.3648,0.2857,0.2,0.2594,0.3119,0.2531,0.3466,0.118,0.1492,0.3573,0,0,0,0,0,0,0,0,0,0,46.46299767494202
1,Replica directa (8 familias),chi2,18,NA,NA,NA,100,10000,0.6531,0.5197,0.3601,0.5209,0.5539,0.4563,0.6199,0.1921,0.2099,0.6455,0,0,0,0,0,0,0,0,0,0,49.013503551483154
1,Replica directa (8 familias),chi2,18,NA,NA,NA,250,10000,0.9767,0.9186,0.7509,0.9537,0.9557,0.8724,0.9674,0.4739,0.356,0.9751,0,0,0,0,0,0,0,0,0,0,56.80520749092102
1,Replica directa (8 familias),chi2,18,NA,NA,NA,500,10000,0.9999,0.9986,0.9663,0.9998,0.9998,0.9954,0.9998,0.8351,0.5382,0.9998,0,0,0,0,0,0,0,0,0,0,69.65850734710693
1,Replica directa (8 familias),convolucion_uniforme_normal,0,NA,NA,NA,10,10000,0.0829,0.0799,0.0613,0.0014,NA,0.0733,0.0489,0.0875,0.0713,0.0384,0,0,0,0,10000,0,0,0,0,0,32.44912338256836
1,Replica directa (8 familias),convolucion_uniforme_normal,0,NA,NA,NA,25,10000,0.2871,0.2277,0.1137,2e-4,0.2648,0.1838,0.1218,0.1246,0.4337,0.1859,0,0,0,0,0,0,0,0,0,0,34.7254638671875
1,Replica directa (8 familias),convolucion_uniforme_normal,0,NA,NA,NA,50,10000,0.7466,0.5721,0.2558,2e-4,0.8025,0.4336,0.4747,0.1894,0.8897,0.5993,0,0,0,0,0,0,0,0,0,0,35.7176456451416
1,Replica directa (8 familias),convolucion_uniforme_normal,0,NA,NA,NA,100,10000,0.9959,0.9441,0.5931,0.5675,0.997,0.8398,0.9656,0.4605,0.9989,0.9529,0,0,0,0,0,0,0,0,0,0,37.773961544036865
1,Replica directa (8 familias),convolucion_uniforme_normal,0,NA,NA,NA,250,10000,1,1,0.9872,1,1,0.9997,1,0.9764,1,1,0,0,0,0,0,0,0,0,0,0,43.63743233680725
1,Replica directa (8 familias),convolucion_uniforme_normal,0,NA,NA,NA,500,10000,1,1,1,1,1,1,1,1,1,1,0,0,0,0,0,0,0,0,0,0,55.138025760650635
1,Replica directa (8 familias),convolucion_uniforme_normal,0.2,NA,NA,NA,10,10000,0.0772,0.0759,0.0625,0.0022,NA,0.0697,0.0496,0.0848,0.0656,0.0421,0,0,0,0,10000,0,0,0,0,0,31.988643884658813
1,Replica directa (8 familias),convolucion_uniforme_normal,0.2,NA,NA,NA,25,10000,0.2393,0.2041,0.1074,2e-4,0.2363,0.167,0.1006,0.114,0.4054,0.167,0,0,0,0,0,0,0,0,0,0,34.8043270111084
1,Replica directa (8 familias),convolucion_uniforme_normal,0.2,NA,NA,NA,50,10000,0.6555,0.5178,0.2429,2e-4,0.759,0.4053,0.3846,0.1952,0.8608,0.5538,0,0,0,0,0,0,0,0,0,0,35.26362586021423
1,Replica directa (8 familias),convolucion_uniforme_normal,0.2,NA,NA,NA,100,10000,0.9852,0.9196,0.5578,0.4659,0.9951,0.8065,0.9227,0.4541,0.9982,0.9364,0,0,0,0,0,0,0,0,0,0,36.720181703567505
1,Replica directa (8 familias),convolucion_uniforme_normal,0.2,NA,NA,NA,250,10000,1,1,0.9788,1,1,0.9995,1,0.9747,1,1,0,0,0,0,0,0,0,0,0,0,42.30305457115173
1,Replica directa (8 familias),convolucion_uniforme_normal,0.2,NA,NA,NA,500,10000,1,1,1,1,1,1,1,1,1,1,0,0,0,0,0,0,0,0,0,0,53.459046602249146
1,Replica directa (8 familias),convolucion_uniforme_normal,0.4,NA,NA,NA,10,10000,0.0676,0.0691,0.0573,0.0031,NA,0.0649,0.0451,0.0806,0.0577,0.0383,0,0,0,0,10000,0,0,0,0,0,30.57394003868103
1,Replica directa (8 familias),convolucion_uniforme_normal,0.4,NA,NA,NA,25,10000,0.1713,0.1597,0.0989,5e-4,0.1743,0.1401,0.0685,0.1161,0.3217,0.125,0,0,0,0,0,0,0,0,0,0,33.286489725112915
1,Replica directa (8 familias),convolucion_uniforme_normal,0.4,NA,NA,NA,50,10000,0.4627,0.3978,0.1998,1e-4,0.6128,0.3282,0.243,0.1713,0.751,0.4206,0,0,0,0,0,0,0,0,0,0,34.414069414138794
1,Replica directa (8 familias),convolucion_uniforme_normal,0.4,NA,NA,NA,100,10000,0.8962,0.8103,0.4591,0.2364,0.967,0.6912,0.7376,0.3748,0.9862,0.8477,0,0,0,0,0,0,0,0,0,0,36.288647413253784
1,Replica directa (8 familias),convolucion_uniforme_normal,0.4,NA,NA,NA,250,10000,1,0.9992,0.9404,0.9996,1,0.9935,0.9996,0.9133,1,0.9998,0,0,0,0,0,0,0,0,0,0,42.081589698791504
1,Replica directa (8 familias),convolucion_uniforme_normal,0.4,NA,NA,NA,500,10000,1,1,1,1,1,1,1,0.9999,1,1,0,0,0,0,0,0,0,0,0,0,53.341649532318115
1,Replica directa (8 familias),convolucion_uniforme_normal,0.6,NA,NA,NA,10,10000,0.0544,0.0568,0.0536,0.0026,NA,0.054,0.0389,0.0703,0.045,0.033,0,0,0,0,10000,0,0,0,0,0,30.794978857040405
1,Replica directa (8 familias),convolucion_uniforme_normal,0.6,NA,NA,NA,25,10000,0.1174,0.1162,0.0797,6e-4,0.1122,0.1068,0.0482,0.0967,0.2245,0.0853,0,0,0,0,0,0,0,0,0,0,33.33540749549866
1,Replica directa (8 familias),convolucion_uniforme_normal,0.6,NA,NA,NA,50,10000,0.2809,0.2666,0.151,1e-4,0.4158,0.2272,0.1273,0.1258,0.5701,0.2717,0,0,0,0,0,0,0,0,0,0,34.430217027664185
1,Replica directa (8 familias),convolucion_uniforme_normal,0.6,NA,NA,NA,100,10000,0.6753,0.6107,0.3395,0.0733,0.844,0.5256,0.4604,0.2648,0.9166,0.6469,0,0,0,0,0,0,0,0,0,0,36.03690695762634
1,Replica directa (8 familias),convolucion_uniforme_normal,0.6,NA,NA,NA,250,10000,0.9945,0.9844,0.8224,0.9769,0.9992,0.958,0.9799,0.7158,0.9998,0.9923,0,0,0,0,0,0,0,0,0,0,42.25995445251465
1,Replica directa (8 familias),convolucion_uniforme_normal,0.6,NA,NA,NA,500,10000,1,1,0.9947,1,1,0.9997,1,0.9805,1,1,0,0,0,0,0,0,0,0,0,0,53.23939514160156
1,Replica directa (8 familias),convolucion_uniforme_normal,0.8,NA,NA,NA,10,10000,0.0491,0.0485,0.0493,0.0028,NA,0.0486,0.0378,0.0687,0.0394,0.0314,0,0,0,0,10000,0,0,0,0,0,30.68729543685913
1,Replica directa (8 familias),convolucion_uniforme_normal,0.8,NA,NA,NA,25,10000,0.0775,0.0829,0.0639,0.0011,0.0686,0.0814,0.0326,0.0755,0.1457,0.0581,0,0,0,0,0,0,0,0,0,0,33.311559200286865
1,Replica directa (8 familias),convolucion_uniforme_normal,0.8,NA,NA,NA,50,10000,0.1669,0.1757,0.1144,3e-4,0.2461,0.1622,0.0726,0.1028,0.3904,0.1628,0,0,0,0,0,0,0,0,0,0,34.400283336639404
1,Replica directa (8 familias),convolucion_uniforme_normal,0.8,NA,NA,NA,100,10000,0.3999,0.3834,0.2229,0.0173,0.5903,0.3358,0.2217,0.1676,0.7244,0.398,0,0,0,0,0,0,0,0,0,0,36.10570693016052
1,Replica directa (8 familias),convolucion_uniforme_normal,0.8,NA,NA,NA,250,10000,0.9086,0.872,0.6051,0.7675,0.9727,0.8122,0.8071,0.4597,0.9887,0.9063,0,0,0,0,0,0,0,0,0,0,42.2135169506073
1,Replica directa (8 familias),convolucion_uniforme_normal,0.8,NA,NA,NA,500,10000,0.9989,0.9971,0.9343,0.9981,0.9999,0.9926,0.9962,0.8298,1,0.999,0,0,0,0,0,0,0,0,0,0,52.97641086578369
1,Replica directa (8 familias),convolucion_uniforme_normal,1,NA,NA,NA,10,10000,0.0449,0.0444,0.0471,0.0045,NA,0.0458,0.0376,0.069,0.0331,0.0341,0,0,0,0,10000,0,0,0,0,0,30.6488618850708
1,Replica directa (8 familias),convolucion_uniforme_normal,1,NA,NA,NA,25,10000,0.0609,0.0656,0.0587,0.0028,0.052,0.0652,0.0298,0.0733,0.1049,0.0455,0,0,0,0,0,0,0,0,0,0,33.4744176864624
1,Replica directa (8 familias),convolucion_uniforme_normal,1,NA,NA,NA,50,10000,0.103,0.1135,0.0807,0.001,0.1479,0.1083,0.0412,0.0813,0.2497,0.0979,0,0,0,0,0,0,0,0,0,0,34.2811644077301
1,Replica directa (8 familias),convolucion_uniforme_normal,1,NA,NA,NA,100,10000,0.2142,0.2298,0.1386,0.0053,0.3445,0.2065,0.1046,0.1135,0.4865,0.2149,0,0,0,0,0,0,0,0,0,0,36.18644332885742
1,Replica directa (8 familias),convolucion_uniforme_normal,1,NA,NA,NA,250,10000,0.634,0.6068,0.3631,0.3779,0.8018,0.5505,0.4626,0.2483,0.886,0.647,0,0,0,0,0,0,0,0,0,0,42.227434158325195
1,Replica directa (8 familias),convolucion_uniforme_normal,1,NA,NA,NA,500,10000,0.9563,0.9388,0.725,0.9331,0.9882,0.8997,0.9088,0.521,0.9961,0.9621,0,0,0,0,0,0,0,0,0,0,52.914642333984375
1,Replica directa (8 familias),gamma,1,NA,NA,NA,10,10000,0.4349,0.4028,0.297,0.1435,NA,0.3747,0.4217,0.3881,0.2164,0.3891,0,0,0,0,10000,0,0,0,0,0,24.42712426185608
1,Replica directa (8 familias),gamma,1,NA,NA,NA,25,10000,0.9259,0.8742,0.6928,0.6167,0.705,0.8322,0.8957,0.7901,0.4338,0.8646,0,0,0,0,0,0,0,0,0,0,26.29424786567688
1,Replica directa (8 familias),gamma,1,NA,NA,NA,50,10000,0.9997,0.9964,0.9588,0.9563,0.9641,0.9906,0.9988,0.9833,0.6494,0.995,0,0,0,0,0,0,0,0,0,0,27.28019666671753
1,Replica directa (8 familias),gamma,1,NA,NA,NA,100,10000,1,1,1,1,1,1,1,1,0.893,1,0,0,0,0,0,0,0,0,0,0,29.483667135238647
1,Replica directa (8 familias),gamma,1,NA,NA,NA,250,10000,1,1,1,1,1,1,1,1,0.9959,1,0,0,0,0,0,0,0,0,0,0,35.93832516670227
1,Replica directa (8 familias),gamma,1,NA,NA,NA,500,10000,1,1,1,1,1,1,1,1,1,1,0,0,0,0,0,0,0,0,0,0,45.27804708480835
1,Replica directa (8 familias),gamma,4,NA,NA,NA,10,10000,0.1369,0.1283,0.1088,0.0424,NA,0.1203,0.1441,0.1208,0.0921,0.1392,0,0,0,0,10000,0,0,0,0,0,24.87389612197876
1,Replica directa (8 familias),gamma,4,NA,NA,NA,25,10000,0.3731,0.3101,0.2163,0.2221,0.3047,0.2762,0.3557,0.1813,0.1707,0.3591,0,0,0,0,0,0,0,0,0,0,27.082571744918823
1,Replica directa (8 familias),gamma,4,NA,NA,NA,50,10000,0.6882,0.5805,0.4001,0.4951,0.5489,0.5173,0.6518,0.2741,0.2617,0.6562,0,0,0,0,0,0,0,0,0,0,27.828089714050293
1,Replica directa (8 familias),gamma,4,NA,NA,NA,100,10000,0.96,0.8928,0.7077,0.8663,0.8808,0.8391,0.9442,0.5187,0.4014,0.9427,0,0,0,0,0,0,0,0,0,0,29.654550552368164
1,Replica directa (8 familias),gamma,4,NA,NA,NA,250,10000,1,0.9994,0.9826,0.9997,0.9997,0.9983,1,0.9432,0.6808,0.9998,0,0,0,0,0,0,0,0,0,0,35.16624188423157
1,Replica directa (8 familias),gamma,4,NA,NA,NA,500,10000,1,1,0.9999,1,1,1,1,0.9999,0.8976,1,0,0,0,0,0,0,0,0,0,0,44.55379295349121
1,Replica directa (8 familias),gamma,6,NA,NA,NA,10,10000,0.1038,0.0972,0.086,0.0263,NA,0.0921,0.1117,0.1003,0.075,0.1059,0,0,0,0,10000,0,0,0,0,0,24.07873773574829
1,Replica directa (8 familias),gamma,6,NA,NA,NA,25,10000,0.2612,0.2186,0.1537,0.1597,0.2258,0.1969,0.2493,0.1253,0.1374,0.2588,0,0,0,0,0,0,0,0,0,0,25.679791688919067
1,Replica directa (8 familias),gamma,6,NA,NA,NA,50,10000,0.5078,0.4145,0.2843,0.3649,0.4199,0.3648,0.4821,0.174,0.2082,0.4955,0,0,0,0,0,0,0,0,0,0,26.82645535469055
1,Replica directa (8 familias),gamma,6,NA,NA,NA,100,10000,0.836,0.7231,0.521,0.702,0.7277,0.647,0.8027,0.314,0.2847,0.8173,0,0,0,0,0,0,0,0,0,0,28.57366943359375
1,Replica directa (8 familias),gamma,6,NA,NA,NA,250,10000,0.9984,0.9886,0.9088,0.9942,0.9949,0.9729,0.9973,0.7351,0.4995,0.9972,0,0,0,0,0,0,0,0,0,0,34.0406539440155
1,Replica directa (8 familias),gamma,6,NA,NA,NA,500,10000,1,1,0.9974,1,1,0.9999,1,0.9788,0.7405,1,0,0,0,0,0,0,0,0,0,0,42.945128202438354
1,Replica directa (8 familias),gamma,8,NA,NA,NA,10,10000,0.0916,0.0868,0.0778,0.0221,NA,0.0822,0.0994,0.09,0.0684,0.0924,0,0,0,0,10000,0,0,0,0,0,23.102402448654175
1,Replica directa (8 familias),gamma,8,NA,NA,NA,25,10000,0.2053,0.1721,0.1252,0.1324,0.1923,0.1552,0.2037,0.1085,0.1104,0.2058,0,0,0,0,0,0,0,0,0,0,24.998979806900024
1,Replica directa (8 familias),gamma,8,NA,NA,NA,50,10000,0.4033,0.3165,0.2207,0.2845,0.3429,0.2781,0.3814,0.1241,0.1646,0.395,0,0,0,0,0,0,0,0,0,0,25.991908311843872
1,Replica directa (8 familias),gamma,8,NA,NA,NA,100,10000,0.7128,0.5879,0.4126,0.5798,0.6108,0.5234,0.6821,0.2286,0.2334,0.7044,0,0,0,0,0,0,0,0,0,0,27.838927268981937
1,Replica directa (8 familias),gamma,8,NA,NA,NA,250,10000,0.9865,0.9495,0.8039,0.9722,0.9728,0.9103,0.9813,0.5476,0.3954,0.9846,0,0,0,0,0,0,0,0,0,0,33.4455132484436
1,Replica directa (8 familias),gamma,8,NA,NA,NA,500,10000,1,0.9994,0.9796,0.9999,0.9999,0.9981,1,0.895,0.5974,1,0,0,0,0,0,0,0,0,0,0,43.13661503791809
1,Replica directa (8 familias),gamma,10,NA,NA,NA,10,10000,0.0821,0.0782,0.0707,0.0203,NA,0.0758,0.0874,0.0833,0.0612,0.0799,0,0,0,0,10000,0,0,0,0,0,23.47581911087036
1,Replica directa (8 familias),gamma,10,NA,NA,NA,25,10000,0.1711,0.1477,0.1121,0.1065,0.1641,0.1351,0.1714,0.0985,0.0996,0.1724,0,0,0,0,0,0,0,0,0,0,25.17225408554077
1,Replica directa (8 familias),gamma,10,NA,NA,NA,50,10000,0.3368,0.2668,0.1913,0.2405,0.2927,0.2355,0.321,0.1141,0.1478,0.33,0,0,0,0,0,0,0,0,0,0,26.11303997039795
1,Replica directa (8 familias),gamma,10,NA,NA,NA,100,10000,0.6057,0.4844,0.3397,0.4879,0.5198,0.4268,0.5783,0.1726,0.1975,0.608,0,0,0,0,0,0,0,0,0,0,27.861701250076297
1,Replica directa (8 familias),gamma,10,NA,NA,NA,250,10000,0.9571,0.8902,0.7022,0.9273,0.9325,0.8282,0.9468,0.4199,0.3136,0.9593,0,0,0,0,0,0,0,0,0,0,33.625269412994385
1,Replica directa (8 familias),gamma,10,NA,NA,NA,500,10000,0.9996,0.9969,0.9481,0.9991,0.999,0.9906,0.9992,0.7778,0.493,0.9996,0,0,0,0,0,0,0,0,0,0,42.552122831344604
1,Replica directa (8 familias),gamma,12,NA,NA,NA,10,10000,0.0734,0.0711,0.0664,0.0166,NA,0.0677,0.0808,0.0783,0.057,0.0722,0,0,0,0,10000,0,0,0,0,0,23.309571504592896
1,Replica directa (8 familias),gamma,12,NA,NA,NA,25,10000,0.1516,0.1302,0.1039,0.0931,0.1487,0.1218,0.1506,0.0886,0.0917,0.1514,0,0,0,0,0,0,0,0,0,0,25.606565952301025
1,Replica directa (8 familias),gamma,12,NA,NA,NA,50,10000,0.2901,0.2293,0.1694,0.2133,0.2598,0.2047,0.2797,0.105,0.128,0.2867,0,0,0,0,0,0,0,0,0,0,26.855128526687626
1,Replica directa (8 familias),gamma,12,NA,NA,NA,100,10000,0.5266,0.4046,0.2831,0.4124,0.4437,0.356,0.4948,0.1469,0.1759,0.5248,0,0,0,0,0,0,0,0,0,0,28.59152317047119
1,Replica directa (8 familias),gamma,12,NA,NA,NA,250,10000,0.9155,0.8108,0.6096,0.8719,0.8792,0.7454,0.8982,0.3282,0.2786,0.9186,0,0,0,0,0,0,0,0,0,0,34.50722146034241
1,Replica directa (8 familias),gamma,12,NA,NA,NA,500,10000,0.9985,0.9879,0.9045,0.9977,0.9977,0.9732,0.9974,0.6548,0.4187,0.9986,0,0,0,0,0,0,0,0,0,0,44.03430414199829
1,Replica directa (8 familias),lognormal,0.16666666666666666,NA,NA,NA,10,10000,0.6081,0.582,0.4642,0.2864,NA,0.5575,0.5995,0.5412,0.3582,0.5648,0,0,0,0,10000,0,0,0,0,0,45.48136806488037
1,Replica directa (8 familias),lognormal,0.16666666666666666,NA,NA,NA,25,10000,0.9736,0.9568,0.8706,0.8315,0.8778,0.9396,0.9654,0.8963,0.6722,0.9563,0,0,0,0,0,0,0,0,0,0,49.52728271484375
1,Replica directa (8 familias),lognormal,0.16666666666666666,NA,NA,NA,50,10000,1,0.9996,0.9943,0.9945,0.9958,0.9993,0.9999,0.9967,0.9076,0.9996,0,0,0,0,0,0,0,0,0,0,52.19026589393616
1,Replica directa (8 familias),lognormal,0.16666666666666666,NA,NA,NA,100,10000,1,1,1,1,1,1,1,1,0.9943,1,0,0,0,0,0,0,0,0,0,0,56.494807958602905
1,Replica directa (8 familias),lognormal,0.16666666666666666,NA,NA,NA,250,10000,1,1,1,1,1,1,1,1,1,1,0,0,0,0,0,0,0,0,0,0,64.23876070976257
1,Replica directa (8 familias),lognormal,0.16666666666666666,NA,NA,NA,500,10000,1,1,1,1,1,1,1,1,1,1,0,0,0,0,0,0,0,0,0,0,76.70037579536438
1,Replica directa (8 familias),lognormal,0.3333333333333333,NA,NA,NA,10,10000,0.495,0.4697,0.367,0.2206,NA,0.4452,0.4915,0.4286,0.2937,0.4658,0,0,0,0,10000,0,0,0,0,0,44.89584422111511
1,Replica directa (8 familias),lognormal,0.3333333333333333,NA,NA,NA,25,10000,0.9333,0.9048,0.7728,0.7518,0.8135,0.8775,0.9194,0.7967,0.5949,0.9094,0,0,0,0,0,0,0,0,0,0,48.94198489189148
1,Replica directa (8 familias),lognormal,0.3333333333333333,NA,NA,NA,50,10000,0.9994,0.9973,0.9732,0.9821,0.9856,0.9944,0.9986,0.9751,0.8353,0.9975,0,0,0,0,0,0,0,0,0,0,49.27570080757141
1,Replica directa (8 familias),lognormal,0.3333333333333333,NA,NA,NA,100,10000,1,1,1,1,1,1,1,1,0.9784,1,0,0,0,0,0,0,0,0,0,0,52.61811542510986
1,Replica directa (8 familias),lognormal,0.3333333333333333,NA,NA,NA,250,10000,1,1,1,1,1,1,1,1,1,1,0,0,0,0,0,0,0,0,0,0,62.110771656036384
1,Replica directa (8 familias),lognormal,0.3333333333333333,NA,NA,NA,500,10000,1,1,1,1,1,1,1,1,1,1,0,0,0,0,0,0,0,0,0,0,76.00388956069946
1,Replica directa (8 familias),lognormal,0.5,NA,NA,NA,10,10000,0.3645,0.3462,0.2684,0.1566,NA,0.3242,0.3675,0.3033,0.2295,0.3502,0,0,0,0,10000,0,0,0,0,0,44.61349105834961
1,Replica directa (8 familias),lognormal,0.5,NA,NA,NA,25,10000,0.8322,0.7768,0.6089,0.6053,0.6888,0.7319,0.8081,0.5893,0.4555,0.8013,0,0,0,0,0,0,0,0,0,0,49.316720962524414
1,Replica directa (8 familias),lognormal,0.5,NA,NA,NA,50,10000,0.9913,0.9779,0.9007,0.9367,0.9473,0.9615,0.9859,0.873,0.7127,0.9839,0,0,0,0,0,0,0,0,0,0,50.91785717010498
1,Replica directa (8 familias),lognormal,0.5,NA,NA,NA,100,10000,1,0.9999,0.9964,0.9997,0.9997,0.9997,1,0.996,0.9241,1,0,0,0,0,0,0,0,0,0,0,53.05754232406616
1,Replica directa (8 familias),lognormal,0.5,NA,NA,NA,250,10000,1,1,1,1,1,1,1,1,0.9988,1,0,0,0,0,0,0,0,0,0,0,64.14652824401855
1,Replica directa (8 familias),lognormal,0.5,NA,NA,NA,500,10000,1,1,1,1,1,1,1,1,1,1,0,0,0,0,0,0,0,0,0,0,77.84153175354004
1,Replica directa (8 familias),lognormal,0.6666666666666666,NA,NA,NA,10,10000,0.2423,0.2275,0.1789,0.0927,NA,0.2118,0.2518,0.1911,0.1603,0.2442,0,0,0,0,10000,0,0,0,0,0,44.47226047515869
1,Replica directa (8 familias),lognormal,0.6666666666666666,NA,NA,NA,25,10000,0.6418,0.5652,0.4059,0.4305,0.523,0.5169,0.6172,0.3502,0.3218,0.6184,0,0,0,0,0,0,0,0,0,0,49.14785289764404
1,Replica directa (8 familias),lognormal,0.6666666666666666,NA,NA,NA,50,10000,0.922,0.8692,0.7056,0.7931,0.8188,0.8242,0.902,0.5873,0.5242,0.9048,0,0,0,0,0,0,0,0,0,0,51.17451858520508
1,Replica directa (8 familias),lognormal,0.6666666666666666,NA,NA,NA,100,10000,0.9982,0.994,0.9475,0.9893,0.9908,0.9868,0.9974,0.8914,0.7611,0.9975,0,0,0,0,0,0,0,0,0,0,50.18404006958008
1,Replica directa (8 familias),lognormal,0.6666666666666666,NA,NA,NA,250,10000,1,1,1,1,1,1,1,0.9998,0.9747,1,0,0,0,0,0,0,0,0,0,0,60.1701431274414
1,Replica directa (8 familias),lognormal,0.6666666666666666,NA,NA,NA,500,10000,1,1,1,1,1,1,1,1,0.9999,1,0,0,0,0,0,0,0,0,0,0,74.65304160118103
1,Replica directa (8 familias),lognormal,0.8333333333333334,NA,NA,NA,10,10000,0.1348,0.1282,0.1026,0.0453,NA,0.1211,0.143,0.1136,0.0991,0.1351,0,0,0,0,10000,0,0,0,0,0,42.49323391914368
1,Replica directa (8 familias),lognormal,0.8333333333333334,NA,NA,NA,25,10000,0.3596,0.305,0.2214,0.2436,0.3224,0.2729,0.3525,0.1689,0.194,0.3587,0,0,0,0,0,0,0,0,0,0,46.409446477890015
1,Replica directa (8 familias),lognormal,0.8333333333333334,NA,NA,NA,50,10000,0.6522,0.5555,0.3972,0.5063,0.5562,0.5014,0.6315,0.2408,0.2956,0.6418,0,0,0,0,0,0,0,0,0,0,47.75601649284363
1,Replica directa (8 familias),lognormal,0.8333333333333334,NA,NA,NA,100,10000,0.9309,0.8614,0.6884,0.8544,0.8668,0.8075,0.9144,0.4566,0.462,0.9234,0,0,0,0,0,0,0,0,0,0,50.117430448532104
1,Replica directa (8 familias),lognormal,0.8333333333333334,NA,NA,NA,250,10000,1,0.9986,0.9783,0.9993,0.9994,0.9964,0.9998,0.8932,0.7665,0.9995,0,0,0,0,0,0,0,0,0,0,58.65195107460022
1,Replica directa (8 familias),lognormal,0.8333333333333334,NA,NA,NA,500,10000,1,1,1,1,1,1,1,0.9986,0.9519,1,0,0,0,0,0,0,0,0,0,0,72.6779294013977
1,Replica directa (8 familias),lognormal,1,NA,NA,NA,10,10000,0.0691,0.0671,0.0595,0.0165,NA,0.064,0.0745,0.0811,0.0515,0.0688,0,0,0,0,10000,0,0,0,0,0,42.01818060874939
1,Replica directa (8 familias),lognormal,1,NA,NA,NA,25,10000,0.1329,0.1098,0.0858,0.0894,0.1386,0.1002,0.1362,0.0823,0.0912,0.1356,0,0,0,0,0,0,0,0,0,0,45.74131822586059
1,Replica directa (8 familias),lognormal,1,NA,NA,NA,50,10000,0.2227,0.1735,0.1276,0.1752,0.2137,0.1558,0.2232,0.0846,0.1145,0.2274,0,0,0,0,0,0,0,0,0,0,47.309288024902344
1,Replica directa (8 familias),lognormal,1,NA,NA,NA,100,10000,0.424,0.3226,0.2318,0.3564,0.3859,0.2847,0.4136,0.1186,0.1583,0.4345,0,0,0,0,0,0,0,0,0,0,49.47253394126892
1,Replica directa (8 familias),lognormal,1,NA,NA,NA,250,10000,0.8082,0.6796,0.5023,0.7584,0.7687,0.6125,0.7891,0.2493,0.24,0.826,0,0,0,0,0,0,0,0,0,0,57.81053733825683
1,Replica directa (8 familias),lognormal,1,NA,NA,NA,500,10000,0.984,0.9442,0.7944,0.9794,0.9801,0.9071,0.9801,0.4706,0.3721,0.9877,0,0,0,0,0,0,0,0,0,0,70.89140272140503
1,Replica directa (8 familias),mezcla_normal,0,NA,NA,NA,10,10000,0.3025,0.3195,0.2796,0.0235,NA,0.3215,0.2367,0.2753,0.162,0.2113,0,0,0,0,10000,0,0,0,0,0,40.48738431930542
1,Replica directa (8 familias),mezcla_normal,0,NA,NA,NA,25,10000,0.7709,0.8199,0.7111,0.0319,0.408,0.8279,0.6337,0.647,0.447,0.7381,0,0,0,0,0,0,0,0,0,0,43.5041561126709
1,Replica directa (8 familias),mezcla_normal,0,NA,NA,NA,50,10000,0.9887,0.9941,0.9748,0.1217,0.8585,0.9945,0.9669,0.93,0.6851,0.9877,0,0,0,0,0,0,0,0,0,0,44.78526949882507
1,Replica directa (8 familias),mezcla_normal,0,NA,NA,NA,100,10000,1,1,0.9999,0.9855,0.9997,1,1,0.9994,0.8954,1,0,0,0,0,0,0,0,0,0,0,47.50004434585571
1,Replica directa (8 familias),mezcla_normal,0,NA,NA,NA,250,10000,1,1,1,1,1,1,1,1,0.9963996399639964,1,0,0,0,0,0,0,0,0,1,0,57.780556440353394
1,Replica directa (8 familias),mezcla_normal,0,NA,NA,NA,500,10000,1,1,1,1,1,1,1,1,1,1,0,0,0,0,0,0,0,0,0,0,72.29121088981628
1,Replica directa (8 familias),mezcla_normal,1,NA,NA,NA,10,10000,0.1709,0.1817,0.1633,0.0141,NA,0.1825,0.1427,0.1675,0.0868,0.1276,0,0,0,0,10000,0,0,0,0,0,39.36466979980469
1,Replica directa (8 familias),mezcla_normal,1,NA,NA,NA,25,10000,0.4831,0.5281,0.4323,0.0303,0.2104,0.5358,0.3601,0.3667,0.2486,0.4447,0,0,0,0,0,0,0,0,0,0,42.37809777259827
1,Replica directa (8 familias),mezcla_normal,1,NA,NA,NA,50,10000,0.8577,0.8965,0.8055,0.0883,0.5286,0.8969,0.7603,0.6587,0.4311,0.8593,0,0,0,0,0,0,0,0,0,0,43.309807777404785
1,Replica directa (8 familias),mezcla_normal,1,NA,NA,NA,100,10000,0.9956,0.9974,0.989,0.7932,0.966,0.9972,0.9892,0.9461,0.6559,0.9948,0,0,0,0,0,0,0,0,0,0,45.7108633518219
1,Replica directa (8 familias),mezcla_normal,1,NA,NA,NA,250,10000,1,1,1,1,1,1,1,1,0.9248,1,0,0,0,0,0,0,0,0,0,0,53.98672270774841
1,Replica directa (8 familias),mezcla_normal,1,NA,NA,NA,500,10000,1,1,1,1,1,1,1,1,0.9943,1,0,0,0,0,0,0,0,0,0,0,69.87954378128052
1,Replica directa (8 familias),mezcla_normal,2,NA,NA,NA,10,10000,0.1081,0.1099,0.1004,0.016,NA,0.1056,0.0999,0.1082,0.0608,0.0889,0,0,0,0,10000,0,0,0,0,0,38.4156436920166
1,Replica directa (8 familias),mezcla_normal,2,NA,NA,NA,25,10000,0.2591,0.2775,0.2239,0.0411,0.1177,0.2794,0.2029,0.1873,0.0999,0.2396,0,0,0,0,0,0,0,0,0,0,41.98130202293396
1,Replica directa (8 familias),mezcla_normal,2,NA,NA,NA,50,10000,0.5373,0.577,0.4682,0.1012,0.2385,0.5703,0.4391,0.3102,0.1623,0.5371,0,0,0,0,0,0,0,0,0,0,43.06245851516723
1,Replica directa (8 familias),mezcla_normal,2,NA,NA,NA,100,10000,0.8719,0.9004,0.8057,0.4346,0.6389,0.8953,0.8117,0.5912,0.2399,0.8777,0,0,0,0,0,0,0,0,0,0,45.541197776794434
1,Replica directa (8 familias),mezcla_normal,2,NA,NA,NA,250,10000,1,0.9999,0.998,0.9954,0.9977,0.9996,0.9996,0.9618,0.4239,0.9998,0,0,0,0,0,0,0,0,0,0,53.28900599479675
1,Replica directa (8 familias),mezcla_normal,2,NA,NA,NA,500,10000,1,1,1,1,1,1,1,1,0.6281,1,0,0,0,0,0,0,0,0,0,0,67.93731379508972
1,Replica directa (8 familias),mezcla_normal,3,NA,NA,NA,10,10000,0.0774,0.0784,0.0747,0.016,NA,0.0789,0.086,0.0897,0.0548,0.0754,0,0,0,0,10000,0,0,0,0,0,38.32992124557495
1,Replica directa (8 familias),mezcla_normal,3,NA,NA,NA,25,10000,0.1532,0.1529,0.1272,0.0606,0.1129,0.149,0.1429,0.104,0.0636,0.1503,0,0,0,0,0,0,0,0,0,0,41.97729134559631
1,Replica directa (8 familias),mezcla_normal,3,NA,NA,NA,50,10000,0.3027,0.3017,0.2366,0.1265,0.1766,0.2856,0.2654,0.146,0.065,0.3068,0,0,0,0,0,0,0,0,0,0,43.041146993637085
1,Replica directa (8 familias),mezcla_normal,3,NA,NA,NA,100,10000,0.5481,0.5518,0.4317,0.3237,0.3665,0.5302,0.5033,0.2305,0.0707,0.566,0,0,0,0,0,0,0,0,0,0,45.60465097427368
1,Replica directa (8 familias),mezcla_normal,3,NA,NA,NA,250,10000,0.9383,0.936,0.847,0.8561,0.8669,0.9225,0.9204,0.5552,0.0713,0.9492,0,0,0,0,0,0,0,0,0,0,53.07211256027222
1,Replica directa (8 familias),mezcla_normal,3,NA,NA,NA,500,10000,0.9987,0.9988,0.9906,0.9973,0.9973,0.9981,0.9981,0.8961,0.0651,0.9991,0,0,0,0,0,0,0,0,0,0,67.05318307876587
1,Replica directa (8 familias),mezcla_normal,4,NA,NA,NA,10,10000,0.0654,0.0649,0.0598,0.0158,NA,0.0632,0.0744,0.0754,0.0556,0.0673,0,0,0,0,10000,0,0,0,0,0,38.48582196235657
1,Replica directa (8 familias),mezcla_normal,4,NA,NA,NA,25,10000,0.1051,0.0957,0.078,0.0651,0.1117,0.0885,0.1114,0.0799,0.0691,0.1066,0,0,0,0,0,0,0,0,0,0,42.04213047027588
1,Replica directa (8 familias),mezcla_normal,4,NA,NA,NA,50,10000,0.1613,0.1368,0.1092,0.1282,0.1581,0.1264,0.1701,0.079,0.0837,0.1652,0,0,0,0,0,0,0,0,0,0,43.03083944320679
1,Replica directa (8 familias),mezcla_normal,4,NA,NA,NA,100,10000,0.2679,0.2329,0.1756,0.2364,0.2525,0.2084,0.2768,0.0944,0.1059,0.2898,0,0,0,0,0,0,0,0,0,0,45.605557918548584
1,Replica directa (8 familias),mezcla_normal,4,NA,NA,NA,250,10000,0.5651,0.5062,0.3731,0.5354,0.5407,0.4647,0.5631,0.168,0.1677,0.6103,0,0,0,0,0,0,0,0,0,0,53.22516465187073
1,Replica directa (8 familias),mezcla_normal,4,NA,NA,NA,500,10000,0.8567,0.809,0.6467,0.8443,0.8457,0.7656,0.8551,0.3162,0.2728,0.8932,0,0,0,0,0,0,0,0,0,0,67.0134551525116
1,Replica directa (8 familias),mezcla_normal,5,NA,NA,NA,10,10000,0.062,0.0606,0.0574,0.0134,NA,0.0586,0.0737,0.0714,0.053,0.0649,0,0,0,0,10000,0,0,0,0,0,38.42579388618469
1,Replica directa (8 familias),mezcla_normal,5,NA,NA,NA,25,10000,0.0713,0.0633,0.0598,0.0568,0.0927,0.0593,0.0841,0.0614,0.07,0.0748,0,0,0,0,0,0,0,0,0,0,42.11476278305054
1,Replica directa (8 familias),mezcla_normal,5,NA,NA,NA,50,10000,0.0827,0.0661,0.0545,0.0921,0.1089,0.0625,0.1031,0.0525,0.0852,0.09,0,0,0,0,0,0,0,0,0,0,43.288957834243774
1,Replica directa (8 familias),mezcla_normal,5,NA,NA,NA,100,10000,0.1096,0.0809,0.0661,0.1387,0.136,0.0745,0.1397,0.0603,0.1145,0.1096,0,0,0,0,0,0,0,0,0,0,45.828184843063354
1,Replica directa (8 familias),mezcla_normal,5,NA,NA,NA,250,10000,0.1553,0.1025,0.0763,0.2195,0.1886,0.0896,0.2033,0.061,0.1803,0.1518,0,0,0,0,0,0,0,0,0,0,53.680012941360474
1,Replica directa (8 familias),mezcla_normal,5,NA,NA,NA,500,10000,0.2408,0.1585,0.0963,0.3205,0.2743,0.1336,0.2939,0.0631,0.2938,0.2159,0,0,0,0,0,0,0,0,0,0,67.90340495109558
1,Replica directa (8 familias),normal_desplazada,1,NA,NA,NA,10,10000,0.0476,0.0473,0.047,0.0086,NA,0.0456,0.0535,0.0625,0.0422,0.0467,0,0,0,0,10000,0,0,0,0,0,28.582628965377808
1,Replica directa (8 familias),normal_desplazada,1,NA,NA,NA,25,10000,0.051,0.0518,0.0506,0.0288,0.0584,0.0529,0.053900000000000003,0.0636,0.0478,0.0506,0,0,0,0,0,0,0,0,0,0,31.057466745376587
1,Replica directa (8 familias),normal_desplazada,1,NA,NA,NA,50,10000,0.0508,0.0495,0.0498,0.0369,0.0574,0.0507,0.0503,0.0526,0.0558,0.05,0,0,0,0,0,0,0,0,0,0,31.777859926223755
1,Replica directa (8 familias),normal_desplazada,1,NA,NA,NA,100,10000,0.0464,0.0472,0.0481,0.0424,0.057,0.0498,0.0494,0.0535,0.0546,0.0467,0,0,0,0,0,0,0,0,0,0,33.52580451965332
1,Replica directa (8 familias),normal_desplazada,1,NA,NA,NA,250,10000,0.0506,0.0474,0.0498,0.0481,0.053900000000000003,0.0507,0.0528,0.0505,0.0513,0.0533,0,0,0,0,0,0,0,0,0,0,38.84272813796997
1,Replica directa (8 familias),normal_desplazada,1,NA,NA,NA,500,10000,0.0525,0.0491,0.0527,0.0504,0.0547,0.052,0.0507,0.0492,0.052,0.0529,0,0,0,0,0,0,0,0,0,0,47.91054034233093
1,Replica directa (8 familias),normal_desplazada,2,NA,NA,NA,10,10000,0.0512,0.0533,0.0497,0.0099,NA,0.0521,0.057,0.0682,0.0422,0.0498,0,0,0,0,10000,0,0,0,0,0,27.675835371017456
1,Replica directa (8 familias),normal_desplazada,2,NA,NA,NA,25,10000,0.0481,0.0493,0.048,0.0289,0.0569,0.0496,0.0512,0.0594,0.0491,0.0483,0,0,0,0,0,0,0,0,0,0,30.22764492034912
1,Replica directa (8 familias),normal_desplazada,2,NA,NA,NA,50,10000,0.0504,0.0487,0.0477,0.0373,0.0579,0.0494,0.0515,0.0498,0.0544,0.051,0,0,0,0,0,0,0,0,0,0,31.35712194442749
1,Replica directa (8 familias),normal_desplazada,2,NA,NA,NA,100,10000,0.0505,0.0521,0.0526,0.042,0.0564,0.0535,0.0522,0.0506,0.0514,0.0526,0,0,0,0,0,0,0,0,0,0,32.800867795944214
1,Replica directa (8 familias),normal_desplazada,2,NA,NA,NA,250,10000,0.0497,0.0473,0.0469,0.045,0.0509,0.0479,0.05,0.0497,0.0531,0.0505,0,0,0,0,0,0,0,0,0,0,38.561936140060425
1,Replica directa (8 familias),normal_desplazada,2,NA,NA,NA,500,10000,0.0527,0.0494,0.0486,0.0465,0.0515,0.0498,0.0518,0.0513,0.0541,0.0494,0,0,0,0,0,0,0,0,0,0,48.01761317253113
1,Replica directa (8 familias),normal_desplazada,3,NA,NA,NA,10,10000,0.052,0.0527,0.0497,0.0098,NA,0.0515,0.0564,0.0698,0.0409,0.0497,0,0,0,0,10000,0,0,0,0,0,27.555899381637573
1,Replica directa (8 familias),normal_desplazada,3,NA,NA,NA,25,10000,0.0507,0.0518,0.0516,0.0277,0.0591,0.0518,0.0552,0.0602,0.0524,0.0522,0,0,0,0,0,0,0,0,0,0,30.327847003936768
1,Replica directa (8 familias),normal_desplazada,3,NA,NA,NA,50,10000,0.0515,0.0511,0.0536,0.0378,0.0573,0.0524,0.054,0.0531,0.0502,0.051,0,0,0,0,0,0,0,0,0,0,31.13283681869507
1,Replica directa (8 familias),normal_desplazada,3,NA,NA,NA,100,10000,0.0504,0.0508,0.0504,0.0407,0.0558,0.0502,0.0529,0.0508,0.0569,0.0517,0,0,0,0,0,0,0,0,0,0,32.926952838897705
1,Replica directa (8 familias),normal_desplazada,3,NA,NA,NA,250,10000,0.0509,0.05,0.0513,0.0454,0.053,0.0498,0.052,0.0565,0.0574,0.0504,0,0,0,0,0,0,0,0,0,0,38.073899030685425
1,Replica directa (8 familias),normal_desplazada,3,NA,NA,NA,500,10000,0.0533,0.0485,0.0468,0.0488,0.052,0.048,0.0544,0.0493,0.0492,0.0485,0,0,0,0,0,0,0,0,0,0,47.06315732002258
1,Replica directa (8 familias),normal_desplazada,4,NA,NA,NA,10,10000,0.0484,0.0442,0.0468,0.0073,NA,0.0441,0.0511,0.0658,0.0383,0.0454,0,0,0,0,10000,0,0,0,0,0,27.805322647094727
1,Replica directa (8 familias),normal_desplazada,4,NA,NA,NA,25,10000,0.0511,0.0493,0.0444,0.0284,0.0589,0.0498,0.0531,0.0596,0.0496,0.0494,0,0,0,0,0,0,0,0,0,0,30.418556690216064
1,Replica directa (8 familias),normal_desplazada,4,NA,NA,NA,50,10000,0.056,0.0537,0.0543,0.0406,0.0621,0.0555,0.0573,0.0543,0.055,0.0566,0,0,0,0,0,0,0,0,0,0,31.235706090927124
1,Replica directa (8 familias),normal_desplazada,4,NA,NA,NA,100,10000,0.0478,0.0478,0.0518,0.0398,0.0528,0.0499,0.0494,0.0523,0.0543,0.0468,0,0,0,0,0,0,0,0,0,0,33.363115549087524
1,Replica directa (8 familias),normal_desplazada,4,NA,NA,NA,250,10000,0.0504,0.0503,0.0512,0.0451,0.0531,0.0502,0.0541,0.0517,0.0566,0.0531,0,0,0,0,0,0,0,0,0,0,39.031545877456665
1,Replica directa (8 familias),normal_desplazada,4,NA,NA,NA,500,10000,0.0521,0.0522,0.0534,0.0476,0.0512,0.054,0.0527,0.0494,0.0506,0.0515,0,0,0,0,0,0,0,0,0,0,48.409618616104126
1,Replica directa (8 familias),normal_desplazada,5,NA,NA,NA,10,10000,0.0484,0.049,0.0474,0.0079,NA,0.0492,0.0528,0.0649,0.0381,0.0462,0,0,0,0,10000,0,0,0,0,0,27.62480425834656
1,Replica directa (8 familias),normal_desplazada,5,NA,NA,NA,25,10000,0.0494,0.0514,0.0485,0.0303,0.0598,0.0515,0.0553,0.0599,0.0497,0.0497,0,0,0,0,0,0,0,0,0,0,30.29063725471497
1,Replica directa (8 familias),normal_desplazada,5,NA,NA,NA,50,10000,0.051,0.0519,0.0504,0.0373,0.058,0.0561,0.0524,0.0507,0.056,0.0536,0,0,0,0,0,0,0,0,0,0,31.445181369781498
1,Replica directa (8 familias),normal_desplazada,5,NA,NA,NA,100,10000,0.0497,0.0493,0.0502,0.0443,0.0567,0.0495,0.0523,0.0511,0.0564,0.0515,0,0,0,0,0,0,0,0,0,0,33.22761034965515
1,Replica directa (8 familias),normal_desplazada,5,NA,NA,NA,250,10000,0.0469,0.0494,0.0506,0.0438,0.0502,0.0507,0.0501,0.0516,0.0521,0.0492,0,0,0,0,0,0,0,0,0,0,39.57776188850403
1,Replica directa (8 familias),normal_desplazada,5,NA,NA,NA,500,10000,0.0509,0.0499,0.0504,0.0493,0.0526,0.0524,0.0519,0.053900000000000003,0.0528,0.0522,0,0,0,0,0,0,0,0,0,0,49.4303605556488
1,Replica directa (8 familias),normal_desplazada,6,NA,NA,NA,10,10000,0.047,0.0482,0.0477,0.0098,NA,0.0476,0.0525,0.0637,0.0387,0.0456,0,0,0,0,10000,0,0,0,0,0,27.6613130569458
1,Replica directa (8 familias),normal_desplazada,6,NA,NA,NA,25,10000,0.0501,0.0474,0.0438,0.0287,0.0551,0.0475,0.0504,0.0637,0.0479,0.0503,0,0,0,0,0,0,0,0,0,0,30.27993154525757
1,Replica directa (8 familias),normal_desplazada,6,NA,NA,NA,50,10000,0.0493,0.0468,0.0493,0.0349,0.0541,0.0482,0.0487,0.0542,0.0495,0.0499,0,0,0,0,0,0,0,0,0,0,31.329238653182983
1,Replica directa (8 familias),normal_desplazada,6,NA,NA,NA,100,10000,0.0519,0.0543,0.0533,0.0441,0.0579,0.0543,0.0519,0.0551,0.0544,0.0521,0,0,0,0,0,0,0,0,0,0,33.47341322898865
1,Replica directa (8 familias),normal_desplazada,6,NA,NA,NA,250,10000,0.0532,0.053900000000000003,0.0551,0.0477,0.0567,0.0553,0.055,0.0537,0.0541,0.0537,0,0,0,0,0,0,0,0,0,0,39.52290892601013
1,Replica directa (8 familias),normal_desplazada,6,NA,NA,NA,500,10000,0.052,0.0494,0.0482,0.0476,0.053,0.0497,0.0541,0.0492,0.0536,0.0542,0,0,0,0,0,0,0,0,0,0,49.87875294685364
1,Replica directa (8 familias),t_student,1,NA,NA,NA,10,10000,0.585,0.6072,0.5758,0.4215,NA,0.607,0.6269,0.5284,0.5357,0.588,0,0,0,0,10000,0,0,0,0,0,42.378132581710815
1,Replica directa (8 familias),t_student,1,NA,NA,NA,25,10000,0.9263,0.9368,0.906,0.8957,0.9123,0.9346,0.943,0.8637,0.9013,0.9307,0,0,0,0,0,0,0,0,0,0,46.25489521026611
1,Replica directa (8 familias),t_student,1,NA,NA,NA,50,10000,0.997,0.9979,0.9937,0.9951,0.9942,0.9968,0.9985,0.9858,0.9946,0.9976,0,0,0,0,0,0,0,0,0,0,48.60911965370178
1,Replica directa (8 familias),t_student,1,NA,NA,NA,100,10000,1,1,1,1,1,1,1,0.9999,1,1,0,0,0,0,0,0,0,0,0,0,51.3771858215332
1,Replica directa (8 familias),t_student,1,NA,NA,NA,250,10000,1,1,1,1,1,1,1,1,1,1,0,0,0,0,0,0,0,0,0,0,57.83531641960144
1,Replica directa (8 familias),t_student,1,NA,NA,NA,500,10000,1,1,1,1,1,1,1,1,1,1,0,0,0,0,0,0,0,0,0,0,68.64985346794128
1,Replica directa (8 familias),t_student,2,NA,NA,NA,10,10000,0.292,0.2994,0.2638,0.1846,NA,0.2939,0.3314,0.2313,0.2808,0.3073,0,0,0,0,10000,0,0,0,0,0,41.59054350852966
1,Replica directa (8 familias),t_student,2,NA,NA,NA,25,10000,0.6107,0.6116,0.5176,0.5942,0.6394,0.5921,0.666,0.4253,0.6089,0.6343,0,0,0,0,0,0,0,0,0,0,44.90305852890015
1,Replica directa (8 familias),t_student,2,NA,NA,NA,50,10000,0.8645,0.8598,0.7824,0.8657,0.8602,0.8458,0.8936,0.6484,0.8566,0.8776,0,0,0,0,0,0,0,0,0,0,46.12407088279724
1,Replica directa (8 familias),t_student,2,NA,NA,NA,100,10000,0.9857,0.9849,0.9595,0.98740000000000006,0.9815,0.9819,0.9902,0.8831,0.9867,0.9876,0,0,0,0,0,0,0,0,0,0,48.9934983253479
1,Replica directa (8 familias),t_student,2,NA,NA,NA,250,10000,1,1,1,1,1,1,1,0.9981,1,1,0,0,0,0,0,0,0,0,0,0,57.34075307846069
1,Replica directa (8 familias),t_student,2,NA,NA,NA,500,10000,1,1,1,1,1,1,1,1,1,1,0,0,0,0,0,0,0,0,0,0,69.03740930557251
1,Replica directa (8 familias),t_student,3,NA,NA,NA,10,10000,0.1939,0.1971,0.1647,0.1044,NA,0.1881,0.2262,0.1553,0.1861,0.2059,0,0,0,0,10000,0,0,0,0,0,41.26890707015991
1,Replica directa (8 familias),t_student,3,NA,NA,NA,25,10000,0.4117,0.3946,0.3081,0.3992,0.4527,0.3753,0.4668,0.2373,0.4071,0.4376,0,0,0,0,0,0,0,0,0,0,44.85214567184448
1,Replica directa (8 familias),t_student,3,NA,NA,NA,50,10000,0.6355,0.6031,0.4754,0.663,0.663,0.5686,0.6955,0.3303,0.6476,0.6608,0,0,0,0,0,0,0,0,0,0,45.9279305934906
1,Replica directa (8 familias),t_student,3,NA,NA,NA,100,10000,0.8768,0.8522,0.7396,0.8964,0.8777,0.8268,0.9077,0.5317,0.8864,0.8865,0,0,0,0,0,0,0,0,0,0,48.31203842163086
1,Replica directa (8 familias),t_student,3,NA,NA,NA,250,10000,0.9972,0.9948,0.9754,0.9977,0.9968,0.9918,0.9981,0.8684,0.9969,0.9975,0,0,0,0,0,0,0,0,0,0,55.92738437652588
1,Replica directa (8 familias),t_student,3,NA,NA,NA,500,10000,1,0.9999,0.9997,1,1,0.9999,1,0.9936,1,1,0,0,0,0,0,0,0,0,0,0,68.69517135620117
1,Replica directa (8 familias),t_student,4,NA,NA,NA,10,10000,0.1331,0.1325,0.1124,0.0602,NA,0.1259,0.1601,0.1092,0.1314,0.1483,0,0,0,0,10000,0,0,0,0,0,41.386430740356445
1,Replica directa (8 familias),t_student,4,NA,NA,NA,25,10000,0.2789,0.2539,0.1904,0.2746,0.3328,0.2341,0.3301,0.1447,0.2831,0.298,0,0,0,0,0,0,0,0,0,0,44.69839072227478
1,Replica directa (8 familias),t_student,4,NA,NA,NA,50,10000,0.4677,0.4171,0.302,0.5013,0.5073,0.3779,0.5323,0.1844,0.4786,0.4888,0,0,0,0,0,0,0,0,0,0,46.04889941215515
1,Replica directa (8 familias),t_student,4,NA,NA,NA,100,10000,0.7059,0.6438,0.4898,0.7547,0.7239,0.5978,0.7622,0.2923,0.7323,0.7175,0,0,0,0,0,0,0,0,0,0,48.3366162776947
1,Replica directa (8 familias),t_student,4,NA,NA,NA,250,10000,0.9609,0.9415,0.8379,0.9742,0.9602,0.9192,0.9738,0.5703,0.972,0.9647,0,0,0,0,0,0,0,0,0,0,55.61714148521423
1,Replica directa (8 familias),t_student,4,NA,NA,NA,500,10000,0.9992,0.9989,0.9835,0.9997,0.9994,0.9973,0.9997,0.8576,0.9997,0.9997,0,0,0,0,0,0,0,0,0,0,68.17234683036804
1,Replica directa (8 familias),t_student,5,NA,NA,NA,10,10000,0.1096,0.11,0.0966,0.0468,NA,0.1029,0.1308,0.0995,0.1042,0.1177,0,0,0,0,10000,0,0,0,0,0,41.7386474609375
1,Replica directa (8 familias),t_student,5,NA,NA,NA,25,10000,0.2209,0.1976,0.1448,0.2169,0.2724,0.18,0.2625,0.1183,0.2222,0.2387,0,0,0,0,0,0,0,0,0,0,45.11843299865723
1,Replica directa (8 familias),t_student,5,NA,NA,NA,50,10000,0.3569,0.3045,0.2128,0.3991,0.4083,0.2755,0.4165,0.1345,0.3704,0.3759,0,0,0,0,0,0,0,0,0,0,46.36219310760498
1,Replica directa (8 familias),t_student,5,NA,NA,NA,100,10000,0.5555,0.4825,0.3336,0.6204,0.5893,0.4351,0.6231,0.1827,0.5883,0.5646,0,0,0,0,0,0,0,0,0,0,48.49719786643982
1,Replica directa (8 familias),t_student,5,NA,NA,NA,250,10000,0.8797,0.8171,0.632,0.9163,0.89,0.7755,0.9115,0.3417,0.9082,0.8803,0,0,0,0,0,0,0,0,0,0,55.57109093666077
1,Replica directa (8 familias),t_student,5,NA,NA,NA,500,10000,0.9906,0.9801,0.8946,0.9926,0.9897,0.9643,0.9936,0.5888,0.9937,0.9903,0,0,0,0,0,0,0,0,0,0,67.07763004302979
1,Replica directa (8 familias),t_student,6,NA,NA,NA,10,10000,0.101,0.0974,0.0874,0.0399,NA,0.0937,0.1187,0.0951,0.0932,0.1083,0,0,0,0,10000,0,0,0,0,0,41.52148079872131
1,Replica directa (8 familias),t_student,6,NA,NA,NA,25,10000,0.1799,0.1551,0.119,0.1731,0.2239,0.1424,0.2144,0.0968,0.179,0.1919,0,0,0,0,0,0,0,0,0,0,44.975724935531616
1,Replica directa (8 familias),t_student,6,NA,NA,NA,50,10000,0.2798,0.2279,0.1543,0.3235,0.3304,0.2024,0.3366,0.0984,0.2931,0.2953,0,0,0,0,0,0,0,0,0,0,46.28590989112854
1,Replica directa (8 familias),t_student,6,NA,NA,NA,100,10000,0.4563,0.3656,0.2387,0.5251,0.4955,0.3179,0.5269,0.1288,0.4851,0.4636,0,0,0,0,0,0,0,0,0,0,48.21163582801819
1,Replica directa (8 familias),t_student,6,NA,NA,NA,250,10000,0.7718,0.67,0.461,0.8302,0.7919,0.6083,0.8206,0.216,0.818,0.7687,0,0,0,0,0,0,0,0,0,0,55.58567571640015
1,Replica directa (8 familias),t_student,6,NA,NA,NA,500,10000,0.9575,0.9128,0.7377,0.9761,0.9656,0.8751,0.9697,0.3668,0.9769,0.9536,0,0,0,0,0,0,0,0,0,0,67.27005195617676
1,Replica directa (8 familias),weibull,0.5,NA,NA,NA,10,10000,0.8947,0.8745,0.7482,0.4559,NA,0.8544,0.8794,0.8774,0.5132,0.818,0,0,0,0,10000,0,0,0,0,0,42.89914584159851
1,Replica directa (8 familias),weibull,0.5,NA,NA,NA,25,10000,0.9999,0.9999,0.9973,0.9664,0.977,0.9993,0.9998,0.9985,0.8555,0.9984,0,0,0,0,0,0,0,0,0,0,46.46812462806702
1,Replica directa (8 familias),weibull,0.5,NA,NA,NA,50,10000,1,1,1,1,1,1,1,1,0.9835,1,0,0,0,0,0,0,0,0,0,0,49.50168347358704
1,Replica directa (8 familias),weibull,0.5,NA,NA,NA,100,10000,1,1,1,1,1,1,1,1,1,1,0,0,0,0,0,0,0,0,0,0,52.09938979148865
1,Replica directa (8 familias),weibull,0.5,NA,NA,NA,250,10000,1,1,1,1,1,1,1,1,1,1,0,0,0,0,0,0,0,0,0,0,59.112454891204834
1,Replica directa (8 familias),weibull,0.5,NA,NA,NA,500,10000,1,1,1,1,1,1,1,1,1,1,0,0,0,0,0,0,0,0,0,0,70.16710138320923
1,Replica directa (8 familias),weibull,1,NA,NA,NA,10,10000,0.4498,0.4205,0.3035,0.1494,NA,0.3885,0.4375,0.4035,0.2251,0.3981,0,0,0,0,10000,0,0,0,0,0,42.41943550109863
1,Replica directa (8 familias),weibull,1,NA,NA,NA,25,10000,0.9232,0.8751,0.6914,0.6189,0.7093,0.8241,0.8949,0.7913,0.4325,0.8604,0,0,0,0,0,0,0,0,0,0,45.785202741622925
1,Replica directa (8 familias),weibull,1,NA,NA,NA,50,10000,0.999,0.9966,0.961,0.957,0.9639,0.9902,0.9984,0.9844,0.6588,0.9947,0,0,0,0,0,0,0,0,0,0,48.17781376838684
1,Replica directa (8 familias),weibull,1,NA,NA,NA,100,10000,1,1,1,1,1,1,1,1,0.8846,1,0,0,0,0,0,0,0,0,0,0,49.935632944107056
1,Replica directa (8 familias),weibull,1,NA,NA,NA,250,10000,1,1,1,1,1,1,1,1,0.9972,1,0,0,0,0,0,0,0,0,0,0,58.98368692398071
1,Replica directa (8 familias),weibull,1,NA,NA,NA,500,10000,1,1,1,1,1,1,1,1,1,1,0,0,0,0,0,0,0,0,0,0,70.78666067123413
1,Replica directa (8 familias),weibull,1.5,NA,NA,NA,10,10000,0.1761,0.1616,0.1211,0.0509,NA,0.1476,0.1763,0.1491,0.10780000000000001,0.1677,0,0,0,0,10000,0,0,0,0,0,41.614630937576294
1,Replica directa (8 familias),weibull,1.5,NA,NA,NA,25,10000,0.5027,0.416,0.2692,0.2478,0.3491,0.3656,0.4539,0.2663,0.1861,0.4466,0,0,0,0,0,0,0,0,0,0,45.10333228111267
1,Replica directa (8 familias),weibull,1.5,NA,NA,NA,50,10000,0.8835,0.771,0.5308,0.5776,0.6346,0.6894,0.8335,0.4833,0.2711,0.8042,0,0,0,0,0,0,0,0,0,0,46.362444162368774
1,Replica directa (8 familias),weibull,1.5,NA,NA,NA,100,10000,0.9982,0.9839,0.8549,0.949,0.9586,0.9528,0.9962,0.844,0.4017,0.9878,0,0,0,0,0,0,0,0,0,0,48.986878633499146
1,Replica directa (8 familias),weibull,1.5,NA,NA,NA,250,10000,1,1,0.9993,1,1,1,1,0.9999,0.6762,1,0,0,0,0,0,0,0,0,0,0,56.497376680374146
1,Replica directa (8 familias),weibull,1.5,NA,NA,NA,500,10000,1,1,1,1,1,1,1,1,0.8986,1,0,0,0,0,0,0,0,0,0,0,71.29803943634033
1,Replica directa (8 familias),weibull,2,NA,NA,NA,10,10000,0.0846,0.0802,0.0722,0.0194,NA,0.0749,0.0867,0.0872,0.0611,0.082,0,0,0,0,10000,0,0,0,0,0,41.68377947807312
1,Replica directa (8 familias),weibull,2,NA,NA,NA,25,10000,0.1941,0.153,0.1147,0.0897,0.1541,0.1354,0.1716,0.1026,0.0975,0.1762,0,0,0,0,0,0,0,0,0,0,45.07899880409241
1,Replica directa (8 familias),weibull,2,NA,NA,NA,50,10000,0.4165,0.3048,0.1976,0.212,0.278,0.2602,0.3558,0.1387,0.1304,0.3652,0,0,0,0,0,0,0,0,0,0,47.03013205528259
1,Replica directa (8 familias),weibull,2,NA,NA,NA,100,10000,0.7844,0.6073,0.3858,0.4968,0.5573,0.5054,0.7118,0.252,0.151,0.7026,0,0,0,0,0,0,0,0,0,0,49.092328786849976
1,Replica directa (8 familias),weibull,2,NA,NA,NA,250,10000,0.9987,0.9777,0.8087,0.9833,0.987,0.9324,0.9969,0.6898,0.1944,0.9914,0,0,0,0,0,0,0,0,0,0,57.08959364891052
1,Replica directa (8 familias),weibull,2,NA,NA,NA,500,10000,1,1,0.9855,1,1,0.9997,1,0.9811,0.2321,1,0,0,0,0,0,0,0,0,0,0,70.63324642181396
1,Replica directa (8 familias),weibull,2.5,NA,NA,NA,10,10000,0.0591,0.0583,0.0563,0.0102,NA,0.0558,0.0613,0.0708,0.0449,0.0555,0,0,0,0,10000,0,0,0,0,0,42.218266248703
1,Replica directa (8 familias),weibull,2.5,NA,NA,NA,25,10000,0.0827,0.0769,0.067,0.0345,0.0729,0.0735,0.0709,0.0747,0.0636,0.0775,0,0,0,0,0,0,0,0,0,0,45.0242977142334
1,Replica directa (8 familias),weibull,2.5,NA,NA,NA,50,10000,0.1411,0.1112,0.092,0.0646,0.1125,0.1013,0.1121,0.0694,0.0924,0.1263,0,0,0,0,0,0,0,0,0,0,46.35673499107361
1,Replica directa (8 familias),weibull,2.5,NA,NA,NA,100,10000,0.2891,0.2018,0.1454,0.133,0.2031,0.1703,0.2301,0.0963,0.1182,0.2518,0,0,0,0,0,0,0,0,0,0,49.022446393966675
1,Replica directa (8 familias),weibull,2.5,NA,NA,NA,250,10000,0.7592,0.5104,0.3182,0.5194,0.5954,0.4116,0.6624,0.1894,0.1457,0.648,0,0,0,0,0,0,0,0,0,0,56.71932935714722
1,Replica directa (8 familias),weibull,2.5,NA,NA,NA,500,10000,0.9921,0.8807,0.6031,0.9536,0.964,0.7658,0.9792,0.3973,0.1881,0.9555,0,0,0,0,0,0,0,0,0,0,69.73896765708923
1,Replica directa (8 familias),weibull,3,NA,NA,NA,10,10000,0.0455,0.045,0.0445,0.0068,NA,0.0448,0.0465,0.0609,0.034,0.0403,0,0,0,0,10000,0,0,0,0,0,41.85761737823486
1,Replica directa (8 familias),weibull,3,NA,NA,NA,25,10000,0.0464,0.045,0.0456,0.0151,0.0442,0.0455,0.0375,0.0591,0.0522,0.0411,0,0,0,0,0,0,0,0,0,0,45.3334436416626
1,Replica directa (8 familias),weibull,3,NA,NA,NA,50,10000,0.0553,0.0562,0.0563,0.02,0.053900000000000003,0.0559,0.0416,0.0591,0.0696,0.0498,0,0,0,0,0,0,0,0,0,0,46.37742209434509
1,Replica directa (8 familias),weibull,3,NA,NA,NA,100,10000,0.0826,0.0733,0.0657,0.0315,0.0854,0.0682,0.0569,0.0611,0.1009,0.0754,0,0,0,0,0,0,0,0,0,0,48.93738603591919
1,Replica directa (8 familias),weibull,3,NA,NA,NA,250,10000,0.2057,0.134,0.0955,0.0814,0.1872,0.1156,0.1353,0.0707,0.1837,0.1629,0,0,0,0,0,0,0,0,0,0,56.505409240722656
1,Replica directa (8 familias),weibull,3,NA,NA,NA,500,10000,0.5213,0.2735,0.17,0.3308,0.454,0.2107,0.3833,0.1048,0.3063,0.3668,0,0,0,0,0,0,0,0,0,0,69.40338683128357
2,"Platicurtico (Beta(a,a))",beta,0.5,NA,NA,NA,10,10000,0.2896,0.2537,0.1486,0.0038,NA,0.2181,0.1802,0.2242,0.1919,0.1185,0,0,0,0,10000,0,0,0,0,0,32.04437017440796
2,"Platicurtico (Beta(a,a))",beta,0.5,NA,NA,NA,25,10000,0.8662,0.7593,0.4064,9e-4,0.7189,0.6314,0.6652,0.408,0.8106,0.6628,0,0,0,0,0,0,0,0,0,0,34.95596408843994
2,"Platicurtico (Beta(a,a))",beta,0.5,NA,NA,NA,50,10000,0.9995,0.9913,0.8004,0.0302,0.996,0.9568,0.992,0.7179,0.9935,0.9857,0,0,0,0,0,0,0,0,0,0,36.85005259513855
2,"Platicurtico (Beta(a,a))",beta,0.5,NA,NA,NA,100,10000,1,1,0.9949,0.9993,1,1,1,0.9917,1,1,0,0,0,0,0,0,0,0,288,0,39.08342790603638
2,"Platicurtico (Beta(a,a))",beta,0.5,NA,NA,NA,250,10000,1,1,1,1,1,1,1,1,1,1,0,0,0,0,0,0,0,0,7243,0,45.77669405937195
2,"Platicurtico (Beta(a,a))",beta,0.5,NA,NA,NA,500,10000,1,1,1,1,1,1,1,1,1,1,0,0,0,0,0,0,0,0,9923,0,57.38675403594971
2,"Platicurtico (Beta(a,a))",beta,1,NA,NA,NA,10,10000,0.0841,0.0802,0.0629,0.0013,NA,0.0738,0.0518,0.0899,0.0708,0.0417,0,0,0,0,10000,0,0,0,0,0,32.43328261375427
2,"Platicurtico (Beta(a,a))",beta,1,NA,NA,NA,25,10000,0.2835,0.2284,0.1211,1e-4,0.2699,0.1848,0.1214,0.1255,0.4436,0.1857,0,0,0,0,0,0,0,0,0,0,35.45960354804993
2,"Platicurtico (Beta(a,a))",beta,1,NA,NA,NA,50,10000,0.7443,0.573,0.2517,5e-4,0.8016,0.4359,0.4712,0.1897,0.8867,0.5986,0,0,0,0,0,0,0,0,0,0,35.91482448577881
2,"Platicurtico (Beta(a,a))",beta,1,NA,NA,NA,100,10000,0.9956,0.9474,0.5908,0.5653,0.9969,0.844,0.9644,0.4589,0.9989,0.9531,0,0,0,0,0,0,0,0,0,0,37.8623480796814
2,"Platicurtico (Beta(a,a))",beta,1,NA,NA,NA,250,10000,1,1,0.9882,1,1,0.9999,1,0.98,1,1,0,0,0,0,0,0,0,0,0,0,43.37722396850586
2,"Platicurtico (Beta(a,a))",beta,1,NA,NA,NA,500,10000,1,1,1,1,1,1,1,1,1,1,0,0,0,0,0,0,0,0,0,0,52.98538589477539
2,"Platicurtico (Beta(a,a))",beta,2,NA,NA,NA,10,10000,0.0424,0.0431,0.0453,0.0017,NA,0.0418,0.0326,0.0621,0.0339,0.0272,0,0,0,0,10000,0,0,0,0,0,30.845750093460083
2,"Platicurtico (Beta(a,a))",beta,2,NA,NA,NA,25,10000,0.0648,0.0668,0.0547,6e-4,0.0603,0.0641,0.0253,0.0667,0.14,0.0451,0,0,0,0,0,0,0,0,0,0,33.93380546569824
2,"Platicurtico (Beta(a,a))",beta,2,NA,NA,NA,50,10000,0.1556,0.1347,0.0869,2e-4,0.2387,0.1158,0.0543,0.0786,0.3917,0.1375,0,0,0,0,0,0,0,0,0,0,35.30598163604736
2,"Platicurtico (Beta(a,a))",beta,2,NA,NA,NA,100,10000,0.4524,0.3154,0.1593,0.0156,0.6534,0.2456,0.2141,0.1128,0.7912,0.3541,0,0,0,0,0,0,0,0,0,0,37.92983293533325
2,"Platicurtico (Beta(a,a))",beta,2,NA,NA,NA,250,10000,0.9839,0.8406,0.444,0.8677,0.9932,0.6822,0.9111,0.3059,0.9977,0.9027,0,0,0,0,0,0,0,0,0,0,43.018484354019165
2,"Platicurtico (Beta(a,a))",beta,2,NA,NA,NA,500,10000,1,0.997,0.8289,1,1,0.9732,1,0.6936,1,0.9994,0,0,0,0,0,0,0,0,0,0,52.80537009239197
2,"Platicurtico (Beta(a,a))",beta,3,NA,NA,NA,10,10000,0.0391,0.0404,0.0434,0.0032,NA,0.0409,0.0344,0.0614,0.0325,0.0303,0,0,0,0,10000,0,0,0,0,0,30.852073192596436
2,"Platicurtico (Beta(a,a))",beta,3,NA,NA,NA,25,10000,0.0416,0.0482,0.0484,0.0018,0.0287,0.0489,0.0206,0.0602,0.0786,0.0287,0,0,0,0,0,0,0,0,0,0,34.14516592025757
2,"Platicurtico (Beta(a,a))",beta,3,NA,NA,NA,50,10000,0.0651,0.069,0.0571,3e-4,0.0973,0.0668,0.0234,0.0569,0.1902,0.0596,0,0,0,0,0,0,0,0,0,0,35.61122512817383
2,"Platicurtico (Beta(a,a))",beta,3,NA,NA,NA,100,10000,0.154,0.132,0.0866,0.0011,0.2775,0.1141,0.0551,0.0734,0.4347,0.132,0,0,0,0,0,0,0,0,0,0,37.44233465194702
2,"Platicurtico (Beta(a,a))",beta,3,NA,NA,NA,250,10000,0.6075,0.4,0.187,0.3136,0.7988,0.3124,0.3623,0.1308,0.8991,0.4787,0,0,0,0,0,0,0,0,0,0,43.49582839012146
2,"Platicurtico (Beta(a,a))",beta,3,NA,NA,NA,500,10000,0.975,0.8037,0.4094,0.9407,0.991,0.6566,0.8983,0.2674,0.998,0.8768,0,0,0,0,0,0,0,0,0,0,53.93395233154297
2,"Platicurtico (Beta(a,a))",beta,5,NA,NA,NA,10,10000,0.0401,0.0412,0.0403,0.0045,NA,0.0408,0.0389,0.0595,0.0316,0.033,0,0,0,0,10000,0,0,0,0,0,31.647648572921753
2,"Platicurtico (Beta(a,a))",beta,5,NA,NA,NA,25,10000,0.0362,0.0422,0.0432,0.0051,0.0294,0.0445,0.024,0.0598,0.0481,0.0284,0,0,0,0,0,0,0,0,0,0,34.620707511901855
2,"Platicurtico (Beta(a,a))",beta,5,NA,NA,NA,50,10000,0.0429,0.0515,0.0483,0.0024,0.0462,0.0526,0.0186,0.0522,0.0909,0.0397,0,0,0,0,0,0,0,0,0,0,36.162227630615234
2,"Platicurtico (Beta(a,a))",beta,5,NA,NA,NA,100,10000,0.0642,0.0684,0.0584,0.0011,0.094,0.0647,0.0249,0.0593,0.1739,0.0556,0,0,0,0,0,0,0,0,0,0,38.34806489944458
2,"Platicurtico (Beta(a,a))",beta,5,NA,NA,NA,250,10000,0.1693,0.1386,0.0918,0.0493,0.3006,0.1234,0.0795,0.0783,0.4466,0.1452,0,0,0,0,0,0,0,0,0,0,44.196311950683594
2,"Platicurtico (Beta(a,a))",beta,5,NA,NA,NA,500,10000,0.4563,0.2993,0.1487,0.3496,0.6485,0.239,0.2705,0.1059,0.7865,0.3523,0,0,0,0,0,0,0,0,0,0,54.148794412612915
2,"Platicurtico (Beta(a,a))",beta,10,NA,NA,NA,10,10000,0.0461,0.048,0.0463,0.0071,NA,0.0466,0.0446,0.0631,0.0352,0.0385,0,0,0,0,10000,0,0,0,0,0,32.174434661865234
2,"Platicurtico (Beta(a,a))",beta,10,NA,NA,NA,25,10000,0.0365,0.0431,0.0461,0.0114,0.0364,0.0451,0.0319,0.0594,0.0417,0.0339,0,0,0,0,0,0,0,0,0,0,34.99612236022949
2,"Platicurtico (Beta(a,a))",beta,10,NA,NA,NA,50,10000,0.0369,0.0446,0.0463,0.0111,0.0358,0.0478,0.0274,0.0543,0.0586,0.0344,0,0,0,0,0,0,0,0,0,0,36.32255411148071
2,"Platicurtico (Beta(a,a))",beta,10,NA,NA,NA,100,10000,0.0381,0.0499,0.0505,0.0076,0.0449,0.0509,0.0215,0.0524,0.0802,0.0348,0,0,0,0,0,0,0,0,0,0,38.27827453613281
2,"Platicurtico (Beta(a,a))",beta,10,NA,NA,NA,250,10000,0.0546,0.0622,0.059,0.0104,0.0762,0.0624,0.0254,0.0527,0.1414,0.0512,0,0,0,0,0,0,0,0,0,0,44.623488903045654
2,"Platicurtico (Beta(a,a))",beta,10,NA,NA,NA,500,10000,0.103,0.0919,0.0684,0.0547,0.1588,0.0855,0.0536,0.0608,0.2519,0.0867,0,0,0,0,0,0,0,0,0,0,55.07981324195862
2,"Platicurtico (Beta(a,a))",beta,0.5,NA,NA,NA,1000,10000,1,1,1,1,1,1,1,1,NA,1,0,0,0,0,0,0,0,0,10000,0,101.9004578590393
2,"Platicurtico (Beta(a,a))",beta,0.5,NA,NA,NA,1500,10000,1,1,1,1,1,1,1,1,NA,1,0,0,0,0,0,0,0,0,10000,0,128.88807892799375
2,"Platicurtico (Beta(a,a))",beta,1,NA,NA,NA,1000,10000,1,1,1,1,1,1,1,1,1,1,0,0,0,0,0,0,0,0,0,0,99.8411169052124
2,"Platicurtico (Beta(a,a))",beta,1,NA,NA,NA,1500,10000,1,1,1,1,1,1,1,1,1,1,0,0,0,0,0,0,0,0,0,0,125.27146100997926
2,"Platicurtico (Beta(a,a))",beta,2,NA,NA,NA,1000,10000,1,1,0.9972,1,1,1,1,0.9888,1,1,0,0,0,0,0,0,0,0,0,0,95.3825421333313
2,"Platicurtico (Beta(a,a))",beta,2,NA,NA,NA,1500,10000,1,1,1,1,1,1,1,1,1,1,0,0,0,0,0,0,0,0,0,0,121.89919829368591
2,"Platicurtico (Beta(a,a))",beta,3,NA,NA,NA,1000,10000,1,0.9947,0.7975,0.9999,1,0.9668,0.9999,0.6226,1,0.999,0,0,0,0,0,0,0,0,0,0,95.80623769760132
2,"Platicurtico (Beta(a,a))",beta,3,NA,NA,NA,1500,10000,1,0.9999,0.9605,1,1,0.9983,1,0.8654,1,1,0,0,0,0,0,0,0,0,0,0,121.85227251052856
2,"Platicurtico (Beta(a,a))",beta,5,NA,NA,NA,1000,10000,0.886,0.6441,0.3121,0.8876,0.9599,0.5189,0.7608,0.1861,0.9867,0.7494,0,0,0,0,0,0,0,0,0,0,96.06555914878844
2,"Platicurtico (Beta(a,a))",beta,5,NA,NA,NA,1500,10000,0.9882,0.8613,0.4718,0.9902,0.9977,0.7369,0.959,0.2882,0.9996,0.9334,0,0,0,0,0,0,0,0,0,0,122.58205294609073
2,"Platicurtico (Beta(a,a))",beta,10,NA,NA,NA,1000,10000,0.2183,0.1583,0.091,0.1982,0.337,0.1362,0.1226,0.0758,0.4674,0.1712,0,0,0,0,0,0,0,0,0,0,96.61809182167052
2,"Platicurtico (Beta(a,a))",beta,10,NA,NA,NA,1500,10000,0.3611,0.2401,0.1188,0.3848,0.5203,0.1932,0.238,0.0879,0.6658,0.2803,0,0,0,0,0,0,0,0,0,0,123.39361023902894
3,Plasmode calibrado a datos reales (GLD),NA,NA,dass_anxiety.csv,NA,NA,10,10000,0.084,0.082,0.0686,0.004,NA,0.0763,0.0623,0.0989,0.0583,0.052,0,0,0,0,10000,0,0,0,0,0,45.63242816925049
3,Plasmode calibrado a datos reales (GLD),NA,NA,dass_anxiety.csv,NA,NA,25,10000,0.2732,0.2276,0.139,0.0063,0.1304,0.1971,0.1524,0.1577,0.2255,0.1866,0,0,0,0,0,0,0,0,0,0,48.86204695701599
3,Plasmode calibrado a datos reales (GLD),NA,NA,dass_anxiety.csv,NA,NA,50,10000,0.6866,0.5458,0.2963,0.0115,0.4512,0.4333,0.4661,0.2802,0.5201,0.5196,0,0,0,0,0,0,0,0,0,0,50.28867244720459
3,Plasmode calibrado a datos reales (GLD),NA,NA,dass_anxiety.csv,NA,NA,100,10000,0.9881,0.9236,0.6433,0.4528,0.9353,0.8242,0.9427,0.6542,0.8376,0.9055,0,0,0,0,0,0,0,0,0,0,52.83932113647461
3,Plasmode calibrado a datos reales (GLD),NA,NA,dass_anxiety.csv,NA,NA,250,10000,1,1,0.9903,1,1,0.9995,1,0.997,0.9972,0.9999,0,0,0,0,0,0,0,0,0,0,60.28457713127137
3,Plasmode calibrado a datos reales (GLD),NA,NA,dass_anxiety.csv,NA,NA,500,10000,1,1,1,1,1,1,1,1,1,1,0,0,0,0,0,0,0,0,0,0,74.04750204086304
3,Plasmode calibrado a datos reales (GLD),NA,NA,dass_anxiety.csv,NA,NA,1000,10000,1,1,1,1,1,1,1,1,1,1,0,0,0,0,0,0,0,0,0,0,103.46750855445862
3,Plasmode calibrado a datos reales (GLD),NA,NA,dass_anxiety.csv,NA,NA,1500,10000,1,1,1,1,1,1,1,1,1,1,0,0,0,0,0,0,0,0,0,0,130.11352491378784
3,Plasmode calibrado a datos reales (GLD),NA,NA,dass_depression.csv,NA,NA,10,10000,0.0829,0.0799,0.0613,0.0014,NA,0.0733,0.0489,0.0875,0.0713,0.0384,0,0,0,0,10000,0,0,0,0,0,48.08076047897339
3,Plasmode calibrado a datos reales (GLD),NA,NA,dass_depression.csv,NA,NA,25,10000,0.2871,0.2277,0.1137,2e-4,0.2648,0.1838,0.1218,0.1246,0.4337,0.1859,0,0,0,0,0,0,0,0,0,0,50.31749653816223
3,Plasmode calibrado a datos reales (GLD),NA,NA,dass_depression.csv,NA,NA,50,10000,0.7466,0.5721,0.2558,2e-4,0.8025,0.4336,0.4747,0.1894,0.8897,0.5993,0,0,0,0,0,0,0,0,0,0,49.81274724006653
3,Plasmode calibrado a datos reales (GLD),NA,NA,dass_depression.csv,NA,NA,100,10000,0.9959,0.9441,0.5931,0.5675,0.997,0.8398,0.9656,0.4605,0.9989,0.9529,0,0,0,0,0,0,0,0,0,0,51.8706271648407
3,Plasmode calibrado a datos reales (GLD),NA,NA,dass_depression.csv,NA,NA,250,10000,1,1,0.9872,1,1,0.9997,1,0.9764,1,1,0,0,0,0,0,0,0,0,0,0,60.11820435523986
3,Plasmode calibrado a datos reales (GLD),NA,NA,dass_depression.csv,NA,NA,500,10000,1,1,1,1,1,1,1,1,1,1,0,0,0,0,0,0,0,0,0,0,73.02859687805176
3,Plasmode calibrado a datos reales (GLD),NA,NA,dass_depression.csv,NA,NA,1000,10000,1,1,1,1,1,1,1,1,1,1,0,0,0,0,0,0,0,0,0,0,103.44131731987
3,Plasmode calibrado a datos reales (GLD),NA,NA,dass_depression.csv,NA,NA,1500,10000,1,1,1,1,1,1,1,1,1,1,0,0,0,0,0,0,0,0,0,0,133.49374747276306
3,Plasmode calibrado a datos reales (GLD),NA,NA,dass_stress.csv,NA,NA,10,10000,0.048,0.0511,0.0481,0.002,NA,0.05,0.0345,0.0663,0.0462,0.0298,0,0,0,0,10000,0,0,0,0,0,46.61618399620056
3,Plasmode calibrado a datos reales (GLD),NA,NA,dass_stress.csv,NA,NA,25,10000,0.1067,0.1006,0.0686,4e-4,0.1041,0.0891,0.0395,0.08,0.2218,0.0755,0,0,0,0,0,0,0,0,0,0,50.10981631278992
3,Plasmode calibrado a datos reales (GLD),NA,NA,dass_stress.csv,NA,NA,50,10000,0.3133,0.238,0.1217,2e-4,0.4362,0.1901,0.1266,0.0997,0.6078,0.2549,0,0,0,0,0,0,0,0,0,0,51.64079833030701
3,Plasmode calibrado a datos reales (GLD),NA,NA,dass_stress.csv,NA,NA,100,10000,0.7918,0.5845,0.2653,0.0895,0.8901,0.4495,0.5326,0.1899,0.9483,0.644,0,0,0,0,0,0,0,0,0,0,54.154226541519165
3,Plasmode calibrado a datos reales (GLD),NA,NA,dass_stress.csv,NA,NA,250,10000,1,0.9866,0.7353,0.9931,1,0.931,0.9979,0.5945,1,0.9935,0,0,0,0,0,0,0,0,0,0,62.08096504211426
3,Plasmode calibrado a datos reales (GLD),NA,NA,dass_stress.csv,NA,NA,500,10000,1,1,0.9872,1,1,0.9999,1,0.9672,1,1,0,0,0,0,0,0,0,0,0,0,76.38183188438416
3,Plasmode calibrado a datos reales (GLD),NA,NA,dass_stress.csv,NA,NA,1000,10000,1,1,1,1,1,1,1,1,1,1,0,0,0,0,0,0,0,0,0,0,105.07001495361328
3,Plasmode calibrado a datos reales (GLD),NA,NA,dass_stress.csv,NA,NA,1500,10000,1,1,1,1,1,1,1,1,1,1,0,0,0,0,0,0,0,0,0,0,136.37348079681396
3,Plasmode calibrado a datos reales (GLD),NA,NA,mach_total.csv,NA,NA,10,10000,0.0444,0.0484,0.0464,0.0033,NA,0.0476,0.038,0.0611,0.0334,0.0315,0,0,0,0,10000,0,0,0,0,0,46.03175163269043
3,Plasmode calibrado a datos reales (GLD),NA,NA,mach_total.csv,NA,NA,25,10000,0.0587,0.0638,0.0555,0.0043,0.0409,0.0625,0.034,0.07,0.0818,0.0475,0,0,0,0,0,0,0,0,0,0,49.57751154899597
3,Plasmode calibrado a datos reales (GLD),NA,NA,mach_total.csv,NA,NA,50,10000,0.1175,0.1103,0.0839,0.0044,0.118,0.0996,0.0536,0.0735,0.2061,0.0992,0,0,0,0,0,0,0,0,0,0,51.02479314804077
3,Plasmode calibrado a datos reales (GLD),NA,NA,mach_total.csv,NA,NA,100,10000,0.3215,0.2412,0.1473,0.0153,0.3309,0.2007,0.1643,0.1099,0.4329,0.2345,0,0,0,0,0,0,0,0,0,0,53.6291139125824
3,Plasmode calibrado a datos reales (GLD),NA,NA,mach_total.csv,NA,NA,250,10000,0.8923,0.6823,0.3813,0.6035,0.8859,0.5469,0.7408,0.266,0.8488,0.722,0,0,0,0,0,0,0,0,0,0,61.55295777320861
3,Plasmode calibrado a datos reales (GLD),NA,NA,mach_total.csv,NA,NA,500,10000,0.9997,0.9749,0.7419,0.9954,0.999,0.9078,0.9973,0.6037,0.9923,0.985,0,0,0,0,0,0,0,0,0,0,75.65267205238342
3,Plasmode calibrado a datos reales (GLD),NA,NA,mach_total.csv,NA,NA,1000,10000,1,1,0.9818,1,1,0.9994,1,0.9648,1,1,0,0,0,0,0,0,0,0,0,0,102.41939735412598
3,Plasmode calibrado a datos reales (GLD),NA,NA,mach_total.csv,NA,NA,1500,10000,1,1,0.9996,1,1,1,1,0.999,1,1,0,0,0,0,0,0,0,0,0,0,131.4306149482727
3,Plasmode calibrado a datos reales (GLD),NA,NA,riasec_artistic.csv,NA,NA,10,10000,0.0764,0.0754,0.06,0.0027,NA,0.0716,0.0504,0.0887,0.0611,0.041,0,0,0,0,10000,0,0,0,0,0,40.035910844802856
3,Plasmode calibrado a datos reales (GLD),NA,NA,riasec_artistic.csv,NA,NA,25,10000,0.2574,0.2122,0.1169,9e-4,0.1888,0.1761,0.1197,0.1291,0.3341,0.1691,0,0,0,0,0,0,0,0,0,0,43.42089223861694
3,Plasmode calibrado a datos reales (GLD),NA,NA,riasec_artistic.csv,NA,NA,50,10000,0.6824,0.5287,0.2548,0.0012,0.6553,0.4074,0.4264,0.21560000000000001,0.7545,0.5342,0,0,0,0,0,0,0,0,0,0,45.52978205680847
3,Plasmode calibrado a datos reales (GLD),NA,NA,riasec_artistic.csv,NA,NA,100,10000,0.9899,0.9166,0.5881,0.4542,0.9841,0.8076,0.9393,0.5166,0.9792,0.9209,0,0,0,0,0,0,0,0,0,0,52.37664484977722
3,Plasmode calibrado a datos reales (GLD),NA,NA,riasec_artistic.csv,NA,NA,250,10000,1,1,0.9803,1,1,0.9995,1,0.9846,1,1,0,0,0,0,0,0,0,0,0,0,56.96835803985596
3,Plasmode calibrado a datos reales (GLD),NA,NA,riasec_artistic.csv,NA,NA,500,10000,1,1,1,1,1,1,1,1,1,1,0,0,0,0,0,0,0,0,0,0,68.06741380691528
3,Plasmode calibrado a datos reales (GLD),NA,NA,riasec_artistic.csv,NA,NA,1000,10000,1,1,1,1,1,1,1,1,1,1,0,0,0,0,0,0,0,0,0,0,96.28711771965028
3,Plasmode calibrado a datos reales (GLD),NA,NA,riasec_artistic.csv,NA,NA,1500,10000,1,1,1,1,1,1,1,1,1,1,0,0,0,0,0,0,0,0,0,0,121.31135082244872
3,Plasmode calibrado a datos reales (GLD),NA,NA,riasec_conventional.csv,NA,NA,10,10000,0.118,0.1098,0.0869,0.0128,NA,0.1028,0.0987,0.1233,0.0628,0.0863,0,0,0,0,10000,0,0,0,0,0,34.1240668296814
3,Plasmode calibrado a datos reales (GLD),NA,NA,riasec_conventional.csv,NA,NA,25,10000,0.3796,0.3102,0.1954,0.0506,0.1465,0.266,0.2743,0.2367,0.1248,0.2735,0,0,0,0,0,0,0,0,0,0,36.57383680343628
3,Plasmode calibrado a datos reales (GLD),NA,NA,riasec_conventional.csv,NA,NA,50,10000,0.8027,0.6697,0.4039,0.1312,0.3076,0.5583,0.6696,0.4424,0.1808,0.6092,0,0,0,0,0,0,0,0,0,0,37.90505766868591
3,Plasmode calibrado a datos reales (GLD),NA,NA,riasec_conventional.csv,NA,NA,100,10000,0.9965,0.9671,0.7779,0.7102,0.8658,0.9095,0.9857,0.8575,0.2604,0.9425,0,0,0,0,0,0,0,0,0,0,40.029780626297
3,Plasmode calibrado a datos reales (GLD),NA,NA,riasec_conventional.csv,NA,NA,250,10000,1,1,0.9995,1,1,0.9999,1,1,0.4403,1,0,0,0,0,0,0,0,0,0,0,46.48899555206299
3,Plasmode calibrado a datos reales (GLD),NA,NA,riasec_conventional.csv,NA,NA,500,10000,1,1,1,1,1,1,1,1,0.6852,1,0,0,0,0,0,0,0,0,0,0,59.38924503326416
3,Plasmode calibrado a datos reales (GLD),NA,NA,riasec_conventional.csv,NA,NA,1000,10000,1,1,1,1,1,1,1,1,0.9267,1,0,0,0,0,0,0,0,0,0,0,84.81547451019287
3,Plasmode calibrado a datos reales (GLD),NA,NA,riasec_conventional.csv,NA,NA,1500,10000,1,1,1,1,1,1,1,1,0.9861,1,0,0,0,0,0,0,0,0,0,0,106.36193895339966
3,Plasmode calibrado a datos reales (GLD),NA,NA,riasec_enterprising.csv,NA,NA,10,10000,0.0603,0.0601,0.0565,0.0046,NA,0.0584,0.0485,0.0795,0.0448,0.0432,0,0,0,0,10000,0,0,0,0,0,56.905394077301025
3,Plasmode calibrado a datos reales (GLD),NA,NA,riasec_enterprising.csv,NA,NA,25,10000,0.1501,0.134,0.0963,0.0083,0.0828,0.1203,0.0867,0.1056,0.1318,0.1098,0,0,0,0,0,0,0,0,0,0,60.11573028564454
3,Plasmode calibrado a datos reales (GLD),NA,NA,riasec_enterprising.csv,NA,NA,50,10000,0.3969,0.3079,0.1828,0.0122,0.233,0.2484,0.23,0.1553,0.3066,0.2892,0,0,0,0,0,0,0,0,0,0,62.08234000205993
3,Plasmode calibrado a datos reales (GLD),NA,NA,riasec_enterprising.csv,NA,NA,100,10000,0.8602,0.6885,0.4083,0.1598,0.6584,0.5591,0.6947,0.3496,0.5635,0.6584,0,0,0,0,0,0,0,0,0,0,64.67494416236877
3,Plasmode calibrado a datos reales (GLD),NA,NA,riasec_enterprising.csv,NA,NA,250,10000,1,0.996,0.8662,0.993,0.9989,0.9684,0.9997,0.8892,0.9271,0.9948,0,0,0,0,0,0,0,0,0,0,72.85090279579163
3,Plasmode calibrado a datos reales (GLD),NA,NA,riasec_enterprising.csv,NA,NA,500,10000,1,1,0.9988,1,1,1,1,0.9997,0.998,1,0,0,0,0,0,0,0,0,0,0,84.5317268371582
3,Plasmode calibrado a datos reales (GLD),NA,NA,riasec_enterprising.csv,NA,NA,1000,10000,1,1,1,1,1,1,1,1,1,1,0,0,0,0,0,0,0,0,0,0,113.1805067062378
3,Plasmode calibrado a datos reales (GLD),NA,NA,riasec_enterprising.csv,NA,NA,1500,10000,1,1,1,1,1,1,1,1,1,1,0,0,0,0,0,0,0,0,0,0,146.05265069007874
3,Plasmode calibrado a datos reales (GLD),NA,NA,riasec_investigative.csv,NA,NA,10,10000,0.0832,0.0806,0.0615,0.0014,NA,0.0738,0.0488,0.0878,0.0715,0.0386,0,0,0,0,10000,0,0,0,0,0,34.54367733001709
3,Plasmode calibrado a datos reales (GLD),NA,NA,riasec_investigative.csv,NA,NA,25,10000,0.2903,0.2308,0.1152,2e-4,0.2671,0.1855,0.1244,0.1252,0.437,0.1876,0,0,0,0,0,0,0,0,0,0,37.132983446121216
3,Plasmode calibrado a datos reales (GLD),NA,NA,riasec_investigative.csv,NA,NA,50,10000,0.7503,0.5777,0.2597,2e-4,0.8051,0.4382,0.4792,0.1938,0.8918,0.6035,0,0,0,0,0,0,0,0,0,0,39.425825357437134
3,Plasmode calibrado a datos reales (GLD),NA,NA,riasec_investigative.csv,NA,NA,100,10000,0.996,0.9458,0.5989,0.576,0.9972,0.8426,0.967,0.4632,0.999,0.9547,0,0,0,0,0,0,0,0,0,0,41.131073236465454
3,Plasmode calibrado a datos reales (GLD),NA,NA,riasec_investigative.csv,NA,NA,250,10000,1,1,0.9879,1,1,0.9997,1,0.9786,1,1,0,0,0,0,0,0,0,0,0,0,47.74022793769837
3,Plasmode calibrado a datos reales (GLD),NA,NA,riasec_investigative.csv,NA,NA,500,10000,1,1,1,1,1,1,1,1,1,1,0,0,0,0,0,0,0,0,0,0,61.70706725120545
3,Plasmode calibrado a datos reales (GLD),NA,NA,riasec_investigative.csv,NA,NA,1000,10000,1,1,1,1,1,1,1,1,1,1,0,0,0,0,0,0,0,0,0,0,89.22483396530151
3,Plasmode calibrado a datos reales (GLD),NA,NA,riasec_investigative.csv,NA,NA,1500,10000,1,1,1,1,1,1,1,1,1,1,0,0,0,0,0,0,0,0,0,0,111.62444591522215
3,Plasmode calibrado a datos reales (GLD),NA,NA,riasec_realistic.csv,NA,NA,10,10000,0.1708,0.1553,0.1154,0.0277,NA,0.1421,0.1559,0.1616,0.087,0.1407,0,0,0,0,10000,0,0,0,0,0,45.83705401420593
3,Plasmode calibrado a datos reales (GLD),NA,NA,riasec_realistic.csv,NA,NA,25,10000,0.5446,0.4455,0.2716,0.1668,0.2776,0.3823,0.4618,0.3423,0.1409,0.432,0,0,0,0,0,0,0,0,0,0,48.92031407356262
3,Plasmode calibrado a datos reales (GLD),NA,NA,riasec_realistic.csv,NA,NA,50,10000,0.9261,0.8183,0.5484,0.4403,0.5296,0.7222,0.8664,0.6312,0.1565,0.793,0,0,0,0,0,0,0,0,0,0,50.42781734466553
3,Plasmode calibrado a datos reales (GLD),NA,NA,riasec_realistic.csv,NA,NA,100,10000,0.9998,0.9945,0.9061,0.9383,0.9625,0.9748,0.9991,0.9601,0.1644,0.9899,0,0,0,0,0,0,0,0,0,0,52.64512252807617
3,Plasmode calibrado a datos reales (GLD),NA,NA,riasec_realistic.csv,NA,NA,250,10000,1,1,1,1,1,1,1,1,0.2101,1,0,0,0,0,0,0,0,0,0,0,60.41903424263
3,Plasmode calibrado a datos reales (GLD),NA,NA,riasec_realistic.csv,NA,NA,500,10000,1,1,1,1,1,1,1,1,0.3011,1,0,0,0,0,0,0,0,0,0,0,76.43921732902527
3,Plasmode calibrado a datos reales (GLD),NA,NA,riasec_realistic.csv,NA,NA,1000,10000,1,1,1,1,1,1,1,1,0.4561,1,0,0,0,0,0,0,0,0,0,0,102.83718729019164
3,Plasmode calibrado a datos reales (GLD),NA,NA,riasec_realistic.csv,NA,NA,1500,10000,1,1,1,1,1,1,1,1,0.5851,1,0,0,0,0,0,0,0,0,0,0,130.93844771385193
3,Plasmode calibrado a datos reales (GLD),NA,NA,riasec_social.csv,NA,NA,10,10000,0.0522,0.0526,0.0507,0.0044,NA,0.0521,0.0439,0.0678,0.0389,0.0372,0,0,0,0,10000,0,0,0,0,0,47.62338161468506
3,Plasmode calibrado a datos reales (GLD),NA,NA,riasec_social.csv,NA,NA,25,10000,0.0887,0.0872,0.0704,0.0063,0.0519,0.0806,0.0478,0.0801,0.0999,0.0671,0,0,0,0,0,0,0,0,0,0,51.051334619522095
3,Plasmode calibrado a datos reales (GLD),NA,NA,riasec_social.csv,NA,NA,50,10000,0.2024,0.1698,0.1161,0.0089,0.16,0.1477,0.1041,0.0965,0.2437,0.1612,0,0,0,0,0,0,0,0,0,0,51.7529878616333
3,Plasmode calibrado a datos reales (GLD),NA,NA,riasec_social.csv,NA,NA,100,10000,0.5605,0.4147,0.2364,0.0527,0.4495,0.3242,0.3597,0.1741,0.4792,0.402,0,0,0,0,0,0,0,0,0,0,53.564945697784424
3,Plasmode calibrado a datos reales (GLD),NA,NA,riasec_social.csv,NA,NA,250,10000,0.9928,0.9132,0.6081,0.8847,0.9736,0.7932,0.9669,0.5202,0.8683,0.9209,0,0,0,0,0,0,0,0,0,0,61.49985218048096
3,Plasmode calibrado a datos reales (GLD),NA,NA,riasec_social.csv,NA,NA,500,10000,1,0.9995,0.9393,0.9999,1,0.992,1,0.923,0.9937,0.9994,0,0,0,0,0,0,0,0,0,0,75.19277477264404
3,Plasmode calibrado a datos reales (GLD),NA,NA,riasec_social.csv,NA,NA,1000,10000,1,1,0.9998,1,1,1,1,1,1,1,0,0,0,0,0,0,0,0,0,0,103.56811928749084
3,Plasmode calibrado a datos reales (GLD),NA,NA,riasec_social.csv,NA,NA,1500,10000,1,1,1,1,1,1,1,1,1,1,0,0,0,0,0,0,0,0,0,0,132.16711449623108
3,Plasmode calibrado a datos reales (GLD),NA,NA,rse_total.csv,NA,NA,10,10000,0.0442,0.047,0.0454,0.0023,NA,0.0472,0.0339,0.0625,0.0374,0.0288,0,0,0,0,10000,0,0,0,0,0,43.78479051589966
3,Plasmode calibrado a datos reales (GLD),NA,NA,rse_total.csv,NA,NA,25,10000,0.068,0.0705,0.0559,0.001,0.0541,0.0667,0.03,0.0715,0.1289,0.0504,0,0,0,0,0,0,0,0,0,0,47.124950885772705
3,Plasmode calibrado a datos reales (GLD),NA,NA,rse_total.csv,NA,NA,50,10000,0.157,0.1377,0.089,3e-4,0.2211,0.1182,0.0609,0.0785,0.3639,0.1418,0,0,0,0,0,0,0,0,0,0,48.59622573852539
3,Plasmode calibrado a datos reales (GLD),NA,NA,rse_total.csv,NA,NA,100,10000,0.4651,0.3391,0.1697,0.0193,0.6151,0.2674,0.243,0.1282,0.7396,0.3649,0,0,0,0,0,0,0,0,0,0,51.31070804595947
3,Plasmode calibrado a datos reales (GLD),NA,NA,rse_total.csv,NA,NA,250,10000,0.9806,0.8513,0.4716,0.8587,0.9893,0.7104,0.9111,0.3523,0.995,0.8984,0,0,0,0,0,0,0,0,0,0,59.87850022315979
3,Plasmode calibrado a datos reales (GLD),NA,NA,rse_total.csv,NA,NA,500,10000,1,0.9977,0.8621,1,1,0.9808,1,0.7604,1,0.999,0,0,0,0,0,0,0,0,0,0,75.12408423423767
3,Plasmode calibrado a datos reales (GLD),NA,NA,rse_total.csv,NA,NA,1000,10000,1,1,0.9981,1,1,1,1,0.9959,1,1,0,0,0,0,0,0,0,0,0,0,103.7127914428711
3,Plasmode calibrado a datos reales (GLD),NA,NA,rse_total.csv,NA,NA,1500,10000,1,1,1,1,1,1,1,1,1,1,0,0,0,0,0,0,0,0,0,0,132.993314743042
4,Remuestreo m-out-of-N sobre datos reales,NA,NA,dass_anxiety.csv,dass,39775,10,10000,0.0812,0.0793,0.0716,0.0082,NA,0.0773,0.0704,0.0917,0.0476,0.0618,0,0,0,0,10000,0,0,0,0,0,43.39672923088074
4,Remuestreo m-out-of-N sobre datos reales,NA,NA,dass_anxiety.csv,dass,39775,20,10000,0.1624,0.1463,0.1132,0.0161,0.0699,0.1354,0.1061,0.0938,0.0947,0.125,0,0,0,0,0,0,0,0,0,0,46.11394381523132
4,Remuestreo m-out-of-N sobre datos reales,NA,NA,dass_anxiety.csv,dass,39775,30,10000,0.2848,0.2403,0.1742,0.0201,0.109,0.2117,0.1775,0.1384,0.1404,0.192,0,0,0,0,0,0,0,0,0,0,46.743022441864014
4,Remuestreo m-out-of-N sobre datos reales,NA,NA,dass_anxiety.csv,dass,39775,140,10000,0.998,0.9678,0.8757,0.7739,0.9365,0.9039,0.9867,0.8182,0.5506,0.9392,0,0,0,0,0,0,0,0,0,0,52.276416301727295
4,Remuestreo m-out-of-N sobre datos reales,NA,NA,dass_anxiety.csv,dass,39775,280,10000,1,1,0.9988,0.9998,0.9999,0.9993,1,0.9999,0.846,0.9997,0,0,0,0,0,0,0,0,0,0,59.063774824142456
4,Remuestreo m-out-of-N sobre datos reales,NA,NA,dass_anxiety.csv,dass,39775,700,10000,1,1,1,1,1,1,1,1,0.9986,1,0,0,0,0,0,0,0,0,0,0,81.86339712142944
4,Remuestreo m-out-of-N sobre datos reales,NA,NA,dass_anxiety.csv,dass,39775,1400,10000,1,1,1,1,1,1,1,1,1,1,0,0,0,0,0,0,0,0,0,0,120.23970031738284
4,Remuestreo m-out-of-N sobre datos reales,NA,NA,dass_depression.csv,dass,39775,10,10000,0.071,0.0698,0.0596,0.0014,NA,0.0633,0.0458,0.0819,0.0594,0.0333,0,0,0,0,10000,0,0,0,0,0,43.320664167404175
4,Remuestreo m-out-of-N sobre datos reales,NA,NA,dass_depression.csv,dass,39775,20,10000,0.1725,0.1486,0.0856,4e-4,0.1234,0.1239,0.071,0.0779,0.2589,0.1085,0,0,0,0,0,0,0,0,0,0,46.134509325027466
4,Remuestreo m-out-of-N sobre datos reales,NA,NA,dass_depression.csv,dass,39775,30,10000,0.3349,0.2485,0.1275,3e-4,0.337,0.1936,0.137,0.0986,0.5072,0.207,0,0,0,0,0,0,0,0,0,0,46.87360978126526
4,Remuestreo m-out-of-N sobre datos reales,NA,NA,dass_depression.csv,dass,39775,140,10000,1,0.9919,0.8229,0.9308,0.9999,0.9361,0.999,0.6581,1,0.9881,0,0,0,0,0,0,0,0,0,0,52.664391040802
4,Remuestreo m-out-of-N sobre datos reales,NA,NA,dass_depression.csv,dass,39775,280,10000,1,1,0.9978,1,1,0.9999,1,0.9944,1,1,0,0,0,0,0,0,0,0,0,0,59.61650538444519
4,Remuestreo m-out-of-N sobre datos reales,NA,NA,dass_depression.csv,dass,39775,700,10000,1,1,1,1,1,1,1,1,1,1,0,0,0,0,0,0,0,0,0,0,82.51181244850159
4,Remuestreo m-out-of-N sobre datos reales,NA,NA,dass_depression.csv,dass,39775,1400,10000,1,1,1,1,1,1,1,1,1,1,0,0,0,0,0,0,0,0,0,0,121.55832958221436
4,Remuestreo m-out-of-N sobre datos reales,NA,NA,dass_stress.csv,dass,39775,10,10000,0.0423,0.0453,0.0492,0.0022,NA,0.0457,0.0333,0.068,0.0311,0.0266,0,0,0,0,10000,0,0,0,0,0,43.40102791786194
4,Remuestreo m-out-of-N sobre datos reales,NA,NA,dass_stress.csv,dass,39775,20,10000,0.0573,0.06,0.0556,0.0013,0.0376,0.0566,0.0243,0.055,0.0996,0.0402,0,0,0,0,0,0,0,0,0,0,46.424889087677
4,Remuestreo m-out-of-N sobre datos reales,NA,NA,dass_stress.csv,dass,39775,30,10000,0.087,0.0871,0.0716,4e-4,0.0896,0.0779,0.0317,0.0723,0.1948,0.0603,0,0,0,0,0,0,0,0,0,0,46.98493981361389
4,Remuestreo m-out-of-N sobre datos reales,NA,NA,dass_stress.csv,dass,39775,140,10000,0.8545,0.5882,0.4228,0.2038,0.8982,0.4395,0.5884,0.3015,0.956,0.6017,0,0,0,0,0,0,0,0,0,0,52.69906306266785
4,Remuestreo m-out-of-N sobre datos reales,NA,NA,dass_stress.csv,dass,39775,280,10000,1,0.9664,0.8479,0.9633,0.999,0.8654,0.9951,0.9139,0.9996,0.9547,0,0,0,0,0,0,0,0,0,0,59.89029288291931
4,Remuestreo m-out-of-N sobre datos reales,NA,NA,dass_stress.csv,dass,39775,700,10000,1,1,1,1,1,1,1,0.9963,1,1,0,0,0,0,0,0,0,0,0,0,81.40790915489197
4,Remuestreo m-out-of-N sobre datos reales,NA,NA,dass_stress.csv,dass,39775,1400,10000,1,1,1,1,1,1,1,1,1,1,0,0,0,0,0,0,0,0,0,0,117.24449348449708
4,Remuestreo m-out-of-N sobre datos reales,NA,NA,mach_total.csv,mach,73486,10,10000,0.0463,0.0475,0.0476,0.0032,NA,0.0458,0.0392,0.0684,0.0359,0.0345,0,0,0,0,10000,0,0,0,0,0,43.27169752120972
4,Remuestreo m-out-of-N sobre datos reales,NA,NA,mach_total.csv,mach,73486,20,10000,0.0575,0.0581,0.0582,0.0036,0.0355,0.0593,0.0298,0.0526,0.0789,0.0434,0,0,0,0,0,0,0,0,0,0,46.285593032836914
4,Remuestreo m-out-of-N sobre datos reales,NA,NA,mach_total.csv,mach,73486,30,10000,0.0752,0.0807,0.0697,0.004,0.0615,0.0806,0.034,0.0674,0.1226,0.0562,0,0,0,0,0,0,0,0,0,0,46.83901643753052
4,Remuestreo m-out-of-N sobre datos reales,NA,NA,mach_total.csv,mach,73486,200,10000,0.7771,0.6267,0.5248,0.3604,0.8019,0.5402,0.5775,0.3993,0.8233,0.6276,0,0,0,0,0,0,0,0,0,0,55.65447187423706
4,Remuestreo m-out-of-N sobre datos reales,NA,NA,mach_total.csv,mach,73486,400,10000,0.9983,0.9641,0.9095,0.9676,0.9958,0.9163,0.9859,0.7869,0.9865,0.9623,0,0,0,0,0,0,0,0,0,0,65.9742579460144
4,Remuestreo m-out-of-N sobre datos reales,NA,NA,mach_total.csv,mach,73486,1000,10000,1,1,1,1,1,1,1,1,1,1,0,0,0,0,0,0,0,0,0,0,96.90590906143188
4,Remuestreo m-out-of-N sobre datos reales,NA,NA,mach_total.csv,mach,73486,2000,10000,1,1,1,1,1,1,1,1,1,1,0,0,0,0,0,0,0,0,0,0,151.90857934951782
4,Remuestreo m-out-of-N sobre datos reales,NA,NA,riasec_artistic.csv,riasec,142869,10,10000,0.045,0.0461,0.0471,0.0022,NA,0.0457,0.033,0.0696,0.0366,0.0265,0,0,0,0,10000,0,0,0,0,0,44.73642349243164
4,Remuestreo m-out-of-N sobre datos reales,NA,NA,riasec_artistic.csv,riasec,142869,20,10000,0.0753,0.075,0.0617,0.0013,0.0439,0.0731,0.0352,0.0655,0.1033,0.0504,0,0,0,0,0,0,0,0,0,0,48.72863245010376
4,Remuestreo m-out-of-N sobre datos reales,NA,NA,riasec_artistic.csv,riasec,142869,30,10000,0.1204,0.1085,0.0887,7e-4,0.1056,0.0947,0.0439,0.087,0.2123,0.0703,0,0,0,0,0,0,0,0,0,0,50.25273060798645
4,Remuestreo m-out-of-N sobre datos reales,NA,NA,riasec_artistic.csv,riasec,142869,80,10000,0.5542,0.3679,0.2774,0.0027,0.5832,0.2747,0.2753,0.2241,0.7318,0.3265,0,0,0,0,0,0,0,0,0,0,52.72242999076843
4,Remuestreo m-out-of-N sobre datos reales,NA,NA,riasec_artistic.csv,riasec,142869,160,10000,0.9781,0.8178,0.6425,0.4224,0.9489,0.6381,0.8771,0.6823,0.9785,0.7483,0,0,0,0,0,0,0,0,0,0,56.23120951652527
4,Remuestreo m-out-of-N sobre datos reales,NA,NA,riasec_artistic.csv,riasec,142869,400,10000,1,0.9999,0.9957,1,1,0.9972,1,0.9405,1,0.9987,0,0,0,0,0,0,0,0,0,0,68.88010740280151
4,Remuestreo m-out-of-N sobre datos reales,NA,NA,riasec_artistic.csv,riasec,142869,800,10000,1,1,1,1,1,1,1,1,1,1,0,0,0,0,0,0,0,0,0,0,89.80750799179077
4,Remuestreo m-out-of-N sobre datos reales,NA,NA,riasec_conventional.csv,riasec,143964,10,10000,0.0947,0.0847,0.0715,0.0073,NA,0.0774,0.0781,0.1068,0.0521,0.0608,0,0,0,0,10000,0,0,0,0,0,42.96592330932617
4,Remuestreo m-out-of-N sobre datos reales,NA,NA,riasec_conventional.csv,riasec,143964,20,10000,0.1874,0.1464,0.1042,0.0155,0.0707,0.1227,0.1181,0.1041,0.0931,0.1071,0,0,0,0,0,0,0,0,0,0,45.80027890205383
4,Remuestreo m-out-of-N sobre datos reales,NA,NA,riasec_conventional.csv,riasec,143964,30,10000,0.3444,0.2424,0.1605,0.0231,0.1139,0.1854,0.2169,0.1484,0.1356,0.1635,0,0,0,0,0,0,0,0,0,0,46.32245969772339
4,Remuestreo m-out-of-N sobre datos reales,NA,NA,riasec_conventional.csv,riasec,143964,80,10000,0.9408,0.7629,0.5491,0.1399,0.4156,0.5757,0.8433,0.5479,0.2735,0.5694,0,0,0,0,0,0,0,0,0,0,48.68016719818115
4,Remuestreo m-out-of-N sobre datos reales,NA,NA,riasec_conventional.csv,riasec,143964,160,10000,1,0.9956,0.9486,0.843,0.9444,0.9422,0.9997,0.9725,0.4703,0.9385,0,0,0,0,0,0,0,0,0,0,52.644789695739746
4,Remuestreo m-out-of-N sobre datos reales,NA,NA,riasec_conventional.csv,riasec,143964,400,10000,1,1,1,1,1,1,1,1,0.8523,1,0,0,0,0,0,0,0,0,0,0,64.30929398536682
4,Remuestreo m-out-of-N sobre datos reales,NA,NA,riasec_conventional.csv,riasec,143964,800,10000,1,1,1,1,1,1,1,1,0.9917,1,0,0,0,0,0,0,0,0,0,0,84.77353978157043
4,Remuestreo m-out-of-N sobre datos reales,NA,NA,riasec_enterprising.csv,riasec,143206,10,10000,0.0514,0.0543,0.053,0.0043,NA,0.0532,0.0481,0.0728,0.038,0.0381,0,0,0,0,10000,0,0,0,0,0,43.652276039123535
4,Remuestreo m-out-of-N sobre datos reales,NA,NA,riasec_enterprising.csv,riasec,143206,20,10000,0.0547,0.0541,0.0578,0.0065,0.0407,0.0532,0.0345,0.0614,0.0632,0.0382,0,0,0,0,0,0,0,0,0,0,46.632832050323486
4,Remuestreo m-out-of-N sobre datos reales,NA,NA,riasec_enterprising.csv,riasec,143206,30,10000,0.0731,0.0669,0.0761,0.0062,0.0509,0.0647,0.0362,0.0737,0.0951,0.0416,0,0,0,0,0,0,0,0,0,0,47.07174277305603
4,Remuestreo m-out-of-N sobre datos reales,NA,NA,riasec_enterprising.csv,riasec,143206,80,10000,0.3046,0.174,0.189,0.0071,0.1577,0.1264,0.1323,0.233,0.2486,0.1027,0,0,0,0,0,0,0,0,0,0,49.66955924034119
4,Remuestreo m-out-of-N sobre datos reales,NA,NA,riasec_enterprising.csv,riasec,143206,160,10000,0.8529,0.49370000000000003,0.4685,0.077,0.4145,0.3095,0.623,0.6017,0.4712,0.2692,0,0,0,0,0,0,0,0,0,0,53.54405379295349
4,Remuestreo m-out-of-N sobre datos reales,NA,NA,riasec_enterprising.csv,riasec,143206,400,10000,1,0.9986,0.9711,0.8708,0.9601,0.94,1,0.9991,0.88,0.8142,0,0,0,0,0,0,0,0,0,0,65.35826396942139
4,Remuestreo m-out-of-N sobre datos reales,NA,NA,riasec_enterprising.csv,riasec,143206,800,10000,1,1,1,1,1,1,1,1,0.9969,0.9978,0,0,0,0,0,0,0,0,0,0,84.65880727767944
4,Remuestreo m-out-of-N sobre datos reales,NA,NA,riasec_investigative.csv,riasec,144233,10,10000,0.0501,0.0522,0.0544,0.0027,NA,0.0497,0.039,0.0742,0.0364,0.0327,0,0,0,0,10000,0,0,0,0,0,43.23742985725403
4,Remuestreo m-out-of-N sobre datos reales,NA,NA,riasec_investigative.csv,riasec,144233,20,10000,0.072,0.0756,0.0649,0.0017,0.0384,0.0705,0.0351,0.064,0.097,0.0491,0,0,0,0,0,0,0,0,0,0,46.17380142211914
4,Remuestreo m-out-of-N sobre datos reales,NA,NA,riasec_investigative.csv,riasec,144233,30,10000,0.1142,0.10780000000000001,0.0921,7e-4,0.0872,0.0935,0.0451,0.0874,0.1866,0.0744,0,0,0,0,0,0,0,0,0,0,46.89133596420288
4,Remuestreo m-out-of-N sobre datos reales,NA,NA,riasec_investigative.csv,riasec,144233,80,10000,0.5624,0.377,0.2877,0.0038,0.5528,0.2837,0.2923,0.2203,0.6911,0.3422,0,0,0,0,0,0,0,0,0,0,49.22471237182617
4,Remuestreo m-out-of-N sobre datos reales,NA,NA,riasec_investigative.csv,riasec,144233,160,10000,0.9841,0.8133,0.6657,0.4484,0.9512,0.6469,0.8819,0.6961,0.9736,0.7523,0,0,0,0,0,0,0,0,0,0,53.11616849899292
4,Remuestreo m-out-of-N sobre datos reales,NA,NA,riasec_investigative.csv,riasec,144233,400,10000,1,1,0.9955,0.9998,1,0.9975,1,0.9499,1,0.9986,0,0,0,0,0,0,0,0,0,0,65.23396182060242
4,Remuestreo m-out-of-N sobre datos reales,NA,NA,riasec_investigative.csv,riasec,144233,800,10000,1,1,1,1,1,1,1,1,1,1,0,0,0,0,0,0,0,0,0,0,85.16762638092041
4,Remuestreo m-out-of-N sobre datos reales,NA,NA,riasec_realistic.csv,riasec,142472,10,10000,0.1835,0.1625,0.1223,0.0204,NA,0.1447,0.1558,0.1915,0.0789,0.1182,0,0,0,0,10000,0,0,0,0,0,43.69701671600342
4,Remuestreo m-out-of-N sobre datos reales,NA,NA,riasec_realistic.csv,riasec,142472,20,10000,0.4413,0.3516,0.2229,0.0687,0.1684,0.2965,0.3416,0.262,0.1242,0.292,0,0,0,0,0,0,0,0,0,0,46.568233489990234
4,Remuestreo m-out-of-N sobre datos reales,NA,NA,riasec_realistic.csv,riasec,142472,30,10000,0.6922,0.5466,0.3611,0.1253,0.2453,0.4503,0.5678,0.3936,0.1378,0.4298,0,0,0,0,0,0,0,0,0,0,47.1576988697052
4,Remuestreo m-out-of-N sobre datos reales,NA,NA,riasec_realistic.csv,riasec,142472,80,10000,0.9988,0.9841,0.9179,0.6416,0.7772,0.9351,0.9951,0.9501,0.1521,0.9246,0,0,0,0,0,0,0,0,0,0,49.59517431259155
4,Remuestreo m-out-of-N sobre datos reales,NA,NA,riasec_realistic.csv,riasec,142472,160,10000,1,1,0.9998,0.9978,0.9995,0.9998,1,0.9998,0.1437,0.9996,0,0,0,0,0,0,0,0,0,0,53.60664796829224
4,Remuestreo m-out-of-N sobre datos reales,NA,NA,riasec_realistic.csv,riasec,142472,400,10000,1,1,1,1,1,1,1,1,0.1574,1,0,0,0,0,0,0,0,0,0,0,67.0378909111023
4,Remuestreo m-out-of-N sobre datos reales,NA,NA,riasec_realistic.csv,riasec,142472,800,10000,1,1,1,1,1,1,1,1,0.1901,1,0,0,0,0,0,0,0,0,0,0,89.13772177696228
4,Remuestreo m-out-of-N sobre datos reales,NA,NA,riasec_social.csv,riasec,144174,10,10000,0.0589,0.0594,0.0594,0.0063,NA,0.0581,0.0567,0.0758,0.0377,0.0483,0,0,0,0,10000,0,0,0,0,0,43.65273952484131
4,Remuestreo m-out-of-N sobre datos reales,NA,NA,riasec_social.csv,riasec,144174,20,10000,0.0927,0.0931,0.0839,0.0131,0.0423,0.0902,0.0698,0.0762,0.0445,0.0765,0,0,0,0,0,0,0,0,0,0,46.770875453948975
4,Remuestreo m-out-of-N sobre datos reales,NA,NA,riasec_social.csv,riasec,144174,30,10000,0.1282,0.1302,0.1287,0.0151,0.0513,0.1208,0.0877,0.1006,0.0636,0.0984,0,0,0,0,0,0,0,0,0,0,47.31713104248047
4,Remuestreo m-out-of-N sobre datos reales,NA,NA,riasec_social.csv,riasec,144174,80,10000,0.4701,0.3873,0.3975,0.0402,0.1724,0.324,0.3031,0.3166,0.1717,0.3137,0,0,0,0,0,0,0,0,0,0,49.99354362487793
4,Remuestreo m-out-of-N sobre datos reales,NA,NA,riasec_social.csv,riasec,144174,160,10000,0.9211,0.7835,0.7845,0.4114,0.6404,0.6873,0.7949,0.755,0.3384,0.7006,0,0,0,0,0,0,0,0,0,0,53.89518857002258
4,Remuestreo m-out-of-N sobre datos reales,NA,NA,riasec_social.csv,riasec,144174,400,10000,1,0.9999,0.9994,0.9983,0.9996,0.9983,1,0.9948,0.7826,0.9971,0,0,0,0,0,0,0,0,0,0,66.1858811378479
4,Remuestreo m-out-of-N sobre datos reales,NA,NA,riasec_social.csv,riasec,144174,800,10000,1,1,1,1,1,1,1,1,0.9833,1,0,0,0,0,0,0,0,0,0,0,85.723552942276
4,Remuestreo m-out-of-N sobre datos reales,NA,NA,rse_total.csv,rse,46546,10,10000,0.0453,0.0442,0.0439,0.0044,NA,0.0443,0.0381,0.0702,0.0319,0.0306,0,0,0,0,10000,0,0,0,0,0,43.07674169540405
4,Remuestreo m-out-of-N sobre datos reales,NA,NA,rse_total.csv,rse,46546,20,10000,0.0466,0.0541,0.0571,0.0017,0.0252,0.0555,0.0268,0.0694,0.0608,0.0322,0,0,0,0,0,0,0,0,0,0,46.03470492362976
4,Remuestreo m-out-of-N sobre datos reales,NA,NA,rse_total.csv,rse,46546,30,10000,0.0554,0.0615,0.0695,7e-4,0.0442,0.0581,0.0223,0.0773,0.1047,0.0334,0,0,0,0,0,0,0,0,0,0,46.81929898262024
4,Remuestreo m-out-of-N sobre datos reales,NA,NA,rse_total.csv,rse,46546,100,10000,0.3074,0.2145,0.2483,0.0022,0.3147,0.1653,0.1234,0.3563,0.4826,0.1439,0,0,0,0,0,0,0,0,0,0,50.32495093345642
4,Remuestreo m-out-of-N sobre datos reales,NA,NA,rse_total.csv,rse,46546,200,10000,0.8638,0.5724,0.5825,0.1657,0.7255,0.4152,0.5898,0.6426,0.8538,0.3805,0,0,0,0,0,0,0,0,0,0,55.288006067276
4,Remuestreo m-out-of-N sobre datos reales,NA,NA,rse_total.csv,rse,46546,500,10000,1,1,0.9911,0.9713,0.9969,0.9919,1,1,0.9993,0.9132,0,0,0,0,0,0,0,0,0,0,71.1558403968811
4,Remuestreo m-out-of-N sobre datos reales,NA,NA,rse_total.csv,rse,46546,1000,10000,1,1,1,1,1,1,1,1,1,0.9999,0,0,0,0,0,0,0,0,0,0,98.1167049407959
